county,fips,longitude,latitude,consortium,year,elderly calfresh,age 18-59 calfresh,children calfresh,esl calfresh,wic recipients reachable,pct receiving wic,total population,elderly population,children population,esl population,ssi recipients,total_calfresh,calfresh_per_capita,unnamed: 0,countyfip,pct_foodstmp,median_income,count
alameda,US-06001,-121.7871814,37.680185,CalWIN,2016,10695,54015,54246,37866.0,4039.0,0.647727979,1637712,316180,345421,142005.0,46141.0,118956,0.07263548169641548,72,1,0.918544902487446,115400.0,17126
butte,US-06007,-121.5660076,39.723785,C-IV,2016,1940,18169,12890,2410.0,748.0,0.629648116,225125,55290,45620,7445.0,10550.0,32999,0.14658078845086064,73,7,0.851739130434783,59000.0,2300
contra costa,US-06013,-121.717604,37.888418,CalWIN,2016,4727,30804,34519,15305.0,3229.0,0.538284619,1129894,247789,251595,74586.0,23841.0,70050,0.06199696608708428,74,13,0.921941555225359,110210.0,10095
el dorado,US-06017,-120.4259625,38.78496,C-IV,2016,1149,7202,4816,844.0,258.0,0.568442347,184180,51087,36645,3406.0,2862.0,13167,0.07148984688891302,75,17,0.93717277486911,98020.0,1719
fresno,US-06019,-120.862059,36.74633,CalWIN,2016,8599,102071,125061,57671.0,5748.0,0.761550075,989183,163512,279928,112485.0,41294.0,235731,0.23830878613967285,76,19,0.749331252786447,60000.0,8972
humboldt,US-06023,-123.959972,40.73356,C-IV,2016,1455,12589,7512,908.0,426.0,0.589486356,136086,32838,27690,2230.0,5383.0,21556,0.15839983539820407,77,23,0.857440890125174,59500.0,1438
imperial,US-06025,-115.058652,33.02615,C-IV,2016,2792,19828,20597,22382.0,812.0,0.634608872,187157,32050,54372,34100.0,9999.0,43217,0.2309130836677228,78,25,0.776686313032089,64000.0,1527
kern,US-06029,-118.4426011,35.29441,C-IV,2016,6955,70514,89636,37205.0,6086.0,0.741666667,888994,136623,254735,83111.0,30848.0,167105,0.18797089744137754,79,29,0.798592540464462,62000.0,7105
kings,US-06031,-119.6135104,36.138775,C-IV,2016,988,10922,12811,5807.0,877.0,0.719566289,149407,21381,45432,13525.0,4567.0,24721,0.1654607883164778,80,31,0.870782940802037,78200.0,1571
los angeles,US-06037,-117.9879672,34.26394,LRS,2016,65695,489436,521779,391688.0,51194.0,0.747201878,10229245,1915495,2304521,1343973.0,381016.0,1076910,0.10527756447323336,81,37,0.879343884104439,75000.0,102299
madera,US-06039,-119.84174,37.27052,C-IV,2016,985,10929,17426,9932.0,975.0,0.737387942,155693,29376,42383,19819.0,4480.0,29340,0.1884477786413005,82,39,0.824701195219124,68600.0,1255
marin,US-06041,-122.870429,38.068145,C-IV,2016,1268,4468,4745,4064.0,295.0,0.578982155,263257,76036,52612,10590.0,2796.0,10481,0.0398128064970732,83,41,0.973773265651438,148000.0,2364
merced,US-06047,-120.1246993,37.18687,C-IV,2016,2309,23839,31177,14791.0,1760.0,0.723367169,272610,41701,79762,32600.0,10667.0,57325,0.2102820879644914,84,47,0.750977835723598,55800.0,2301
napa,US-06055,-122.5128064,38.509635,C-IV,2016,561,2946,3968,2829.0,201.0,0.656349206,142269,34640,29835,11745.0,2034.0,7475,0.05254131258390795,85,55,0.947494033412888,110000.0,1676
orange,US-06059,-117.8002615,33.66707,CalWIN,2016,20825,101850,136659,113097.0,7350.0,0.681085847,3181371,627423,726521,309974.0,67977.0,259334,0.08151642798026386,86,59,0.913156036714521,99300.0,29743
placer,US-06061,-120.7858989,39.013999,CalWIN,2016,1653,8983,7085,1882.0,487.0,0.54584121,376092,96940,78000,5842.0,5095.0,17721,0.0471187900832775,87,61,0.96801872074883,105700.0,3846
riverside,US-06065,-115.0250859,33.752845,C-IV,2016,16535,128786,145657,63275.0,10479.0,0.639698181,2360727,456965,598756,189787.0,58100.0,290978,0.12325779304426136,88,65,0.867768220914441,73700.0,22090
sacramento,US-06067,-121.1505311,38.383079,CalWIN,2016,10622,105972,100084,47168.0,5851.0,0.614490903,1506677,284940,361388,94153.0,62524.0,216678,0.1438118455382275,89,67,0.859237938596491,75000.0,14592
san bernardino,US-06071,-116.6760973,34.840011,C-IV,2016,21084,180957,193959,68443.0,11109.0,0.66028086,2147933,346063,579219,167271.0,67508.0,396000,0.18436329252355638,90,71,0.803339620548097,70000.0,18026
san diego,US-06073,-116.693716,33.019645,CalWIN,2016,24013,135994,133618,99769.0,11913.0,0.649918312,3300891,637060,780130,238465.0,75424.0,293625,0.08895325534832868,91,73,0.901278650615521,88300.0,29406
san francisco,US-06075,-122.4847727,37.759845,CalWIN,2016,8600,27523,18892,22730.0,1229.0,0.580031949,871185,188417,124486,99674.0,36427.0,55015,0.06314961804897927,92,75,0.934782608695652,132300.0,8050
san joaquin,US-06077,-120.9449271,37.889845,C-IV,2016,5637,51577,60519,22397.0,3337.0,0.669147353,738873,127720,199204,60196.0,26870.0,117733,0.15934132117427488,93,77,0.807373535295799,71800.0,6998
san luis obispo,US-06079,-120.1080592,35.34633,CalWIN,2016,1559,9132,7974,3280.0,401.0,0.573255814,278917,75907,49961,10287.0,4063.0,18665,0.06691954954341256,94,79,0.950885668276973,88000.0,2484
san mateo,US-06081,-122.2406398,37.407705,CalWIN,2016,3684,10858,15490,13095.0,904.0,0.640888523,768122,171899,161747,54522.0,9952.0,30032,0.03909795579348072,95,81,0.949285622345218,143000.0,7769
santa barbara,US-06083,-120.0351675,34.743715,CalWIN,2016,2277,15072,21923,14873.0,1474.0,0.699749687,448353,89021,100705,51832.0,8004.0,39272,0.08759169672111038,96,83,0.89170451828831,90000.0,4183
santa clara,US-06085,-121.6161794,37.18939,CalWIN,2016,10336,43715,50104,44755.0,3295.0,0.594197975,1930215,364511,442750,167482.0,41718.0,104155,0.053960310120893265,97,85,0.932712003277345,135520.0,19528
santa cruz,US-06087,-122.0401593,37.06834,CalWIN,2016,2393,11881,12357,9501.0,863.0,0.661349693,276249,60888,57974,20762.0,4764.0,26631,0.09640215892184226,98,87,0.913299333071793,105300.0,2549
shasta,US-06089,-122.0883555,40.735175,C-IV,2016,1506,13777,9672,436.0,727.0,0.677409262,178208,48189,37658,1963.0,9165.0,24955,0.14003299515173281,99,89,0.876560999039385,61000.0,2082
solano,US-06095,-121.6688337,38.2894915,CalWIN,2016,2927,21221,19429,6797.0,1035.0,0.5419684,434102,92321,100398,22558.0,11385.0,43577,0.100384241491631,100,95,0.886903362332471,92000.0,4253
sonoma,US-06097,-122.7518161,38.481733,CalWIN,2016,3556,15130,16175,10272.0,744.0,0.595316352,503953,130857,98968,26781.0,8201.0,34861,0.06917510164638369,101,97,0.927601809954751,94850.0,4862
stanislaus,US-06099,-120.8981857,37.606095,C-IV,2016,4334,41704,42829,16575.0,2341.0,0.586291686,545008,96403,145017,53504.0,19620.0,88867,0.16305632210903326,102,99,0.839783603828548,65100.0,4806
tulare,US-06107,-119.0889841,36.266965,CalWIN,2016,5671,51327,67261,40041.0,2338.0,0.641883399,468235,73460,144339,66725.0,17540.0,124259,0.265377428000897,103,107,0.715207373271889,53900.0,4340
ventura,US-06111,-119.0838699,34.47326,CalWIN,2016,5900,31723,39335,28114.0,1582.0,0.6245,854383,176546,199303,82290.0,14767.0,76958,0.09007435775290473,104,111,0.915312947921644,98800.0,8372
yolo,US-06113,-121.9008022,38.619495,CalWIN,2016,1406,10828,9201,5304.0,480.0,0.602506091,216866,36568,48381,12693.0,5184.0,21435,0.0988398365811146,105,113,0.912469437652812,85700.0,2045
alameda,US-06001,-121.7871814,37.680185,CalWIN,2017,11104,50519,48679,34447.0,,,1655752,328261,346873,136038.0,45115.0,110302,0.06661746445119801,107,1,0.932749562171629,123500.0,17130
butte,US-06007,-121.5660076,39.723785,C-IV,2017,2062,17677,12087,2244.0,,,226478,56416,45689,5035.0,10378.0,31826,0.14052579058451595,108,7,0.849209739427595,62900.0,2341
contra costa,US-06013,-121.717604,37.888418,CalWIN,2017,4737,27961,31871,13710.0,,,1143494,258293,251140,69051.0,23320.0,64569,0.05646640909353263,109,13,0.926044703595724,119000.0,10290
el dorado,US-06017,-120.4259625,38.78496,C-IV,2017,1273,6560,4507,752.0,,,185090,53135,36164,3116.0,2823.0,12340,0.06667026851801826,110,17,0.937275985663082,105000.0,1674
fresno,US-06019,-120.862059,36.74633,CalWIN,2017,8782,95415,119527,53200.0,,,999902,169283,280718,107477.0,41278.0,223724,0.2237459271008559,111,19,0.75093181319886,64450.0,9122
humboldt,US-06023,-123.959972,40.73356,C-IV,2017,1519,12167,7142,883.0,,,136835,33792,27901,2263.0,5236.0,20828,0.1522125187269339,112,23,0.860085227272727,68600.0,1408
imperial,US-06025,-115.058652,33.02615,C-IV,2017,3051,19230,20091,21796.0,,,189376,33277,54792,34137.0,9988.0,42372,0.2237453531598513,113,25,0.799326599326599,75000.0,1485
kern,US-06029,-118.4426011,35.29441,C-IV,2017,7901,67421,87057,34717.0,,,897727,141680,255195,84362.0,30862.0,162379,0.18087792836797822,114,29,0.793248945147679,61000.0,7347
kings,US-06031,-119.6135104,36.138775,C-IV,2017,1109,10553,12410,5356.0,,,150441,22007,45775,13954.0,4586.0,24072,0.16000957185873532,115,31,0.842539682539683,77100.0,1575
los angeles,US-06037,-117.9879672,34.26394,LRS,2017,73289,474008,538420,376091.0,,,10288515,1987419,2295832,1332866.0,374280.0,1085717,0.10552708529851004,116,37,0.888528106581653,80000.0,101631
madera,US-06039,-119.84174,37.27052,C-IV,2017,1038,10261,16653,9131.0,,,157296,30181,42323,19613.0,4467.0,27952,0.17770318380632694,117,39,0.794642857142857,65800.0,1232
marin,US-06041,-122.870429,38.068145,C-IV,2017,1341,4205,4444,3839.0,,,264413,78078,52532,9885.0,2720.0,9990,0.03778180346654665,118,41,0.953612479474548,152400.0,2436
merced,US-06047,-120.1246993,37.18687,C-IV,2017,2420,22947,29720,13709.0,,,275926,43155,79909,33572.0,10549.0,55087,0.19964410747809194,119,47,0.751279863481229,56800.0,2344
napa,US-06055,-122.5128064,38.509635,C-IV,2017,604,2512,3318,2360.0,,,142898,35591,29466,10671.0,1970.0,6434,0.045025122814874946,120,55,0.971528181289948,112000.0,1721
orange,US-06059,-117.8002615,33.66707,CalWIN,2017,21610,94185,124697,101791.0,,,3201395,650820,723961,312733.0,67526.0,240492,0.07512100193821755,121,59,0.913392326487486,103000.0,30286
placer,US-06061,-120.7858989,39.013999,CalWIN,2017,1718,8103,6464,1607.0,,,380976,100816,77003,7018.0,5003.0,16285,0.042745474780563605,122,61,0.939424533064109,102000.0,3962
riverside,US-06065,-115.0250859,33.752845,C-IV,2017,17466,120072,135592,55786.0,,,2395487,477592,598978,180207.0,58028.0,273130,0.11401856908428223,123,65,0.879179810725552,79000.0,22190
sacramento,US-06067,-121.1505311,38.383079,CalWIN,2017,11247,101425,96865,47124.0,,,1524524,295548,362411,95631.0,61582.0,209537,0.13744421209505392,124,67,0.871832884097035,80650.0,14840
san bernardino,US-06071,-116.6760973,34.840011,C-IV,2017,21239,164951,179841,60407.0,,,2168360,360581,579729,159229.0,66585.0,366031,0.16880545665848845,125,71,0.824968845587402,74000.0,17654
san diego,US-06073,-116.693716,33.019645,CalWIN,2017,25554,125134,124285,92716.0,,,3327562,660989,787752,223456.0,74300.0,274973,0.08263497419432005,126,73,0.910995636387862,94000.0,30021
san francisco,US-06075,-122.4847727,37.759845,CalWIN,2017,9768,25906,17152,21827.0,,,879517,193624,127629,98626.0,35747.0,52826,0.06006251158306207,127,75,0.939836593216143,143510.0,8078
san joaquin,US-06077,-120.9449271,37.889845,C-IV,2017,5999,46993,55568,20009.0,,,750002,132452,200170,62413.0,26463.0,108560,0.14474628067658485,128,77,0.835422504055449,73000.0,6781
san luis obispo,US-06079,-120.1080592,35.34633,CalWIN,2017,1680,8476,7292,2939.0,,,280822,78771,50028,9470.0,3913.0,17448,0.062131884254082656,129,79,0.941626409017713,97100.0,2484
san mateo,US-06081,-122.2406398,37.407705,CalWIN,2017,3503,9557,13330,11267.0,,,774974,177938,162564,55820.0,9550.0,26390,0.034052755318242936,130,81,0.972556634304207,156500.0,7725
santa barbara,US-06083,-120.0351675,34.743715,CalWIN,2017,2583,14844,20842,14114.0,,,451688,91564,100702,45877.0,7869.0,38269,0.08472441154070952,131,83,0.893985490287854,90900.0,4273
santa clara,US-06085,-121.6161794,37.18939,CalWIN,2017,10140,37812,43581,38302.0,,,1952286,379958,444642,169331.0,40724.0,91533,0.04688503631127816,132,85,0.944159602010254,146150.0,19699
santa cruz,US-06087,-122.0401593,37.06834,CalWIN,2017,2478,11573,11455,8750.0,,,278335,63450,58310,20196.0,4625.0,25506,0.09163777462410405,133,87,0.906021155410903,113000.0,2458
shasta,US-06089,-122.0883555,40.735175,C-IV,2017,1672,12855,9275,413.0,,,178359,48890,37586,2176.0,9049.0,23802,0.1334499520629741,134,89,0.870111057460164,65000.0,2071
solano,US-06095,-121.6688337,38.2894915,CalWIN,2017,3122,19457,18023,6195.0,,,439320,96492,100669,20285.0,11067.0,40602,0.09242010379677684,135,95,0.901884191176471,99000.0,4352
sonoma,US-06097,-122.7518161,38.481733,CalWIN,2017,3560,13464,14220,9052.0,,,507323,135829,98139,26059.0,8029.0,31244,0.06158601127881054,136,97,0.937432810148355,99000.0,4651
stanislaus,US-06099,-120.8981857,37.606095,C-IV,2017,4760,38928,40179,15443.0,,,551712,99859,145609,49236.0,19222.0,83867,0.15201228177019893,137,99,0.822241122687646,68000.0,4703
tulare,US-06107,-119.0889841,36.266965,CalWIN,2017,5907,49992,64931,38463.0,,,473308,75894,144428,61937.0,17521.0,120830,0.2552883112053885,138,107,0.72173124858373,53800.0,4413
ventura,US-06111,-119.0838699,34.47326,CalWIN,2017,6080,29547,35864,25344.0,,,858585,183314,197824,77750.0,14726.0,71491,0.08326607150136561,139,111,0.899599340089559,98000.0,8486
yolo,US-06113,-121.9008022,38.619495,CalWIN,2017,1435,9803,8311,4687.0,,,220171,38002,49156,13088.0,5077.0,19549,0.08879007680393876,140,113,0.891878425510713,90000.0,2007
alameda,US-06001,-121.7871814,37.680185,CalWIN,2018,11501,47884,44043,30654.0,,,1660202,339021,351696,130524.0,44220.0,103428,0.06229844320148994,142,1,0.93234487186971,135000.0,17131
butte,US-06007,-121.5660076,39.723785,C-IV,2018,2273,17305,11692,2010.0,,,227621,57350,46448,5363.0,10182.75,31270,0.1373774827454409,143,7,0.859307359307359,67000.0,2310
contra costa,US-06013,-121.717604,37.888418,CalWIN,2018,5269,26873,29860,12644.0,,,1149363,266792,251554,69152.0,22931.166666666668,62002,0.05394466326130213,144,13,0.933497294638465,124800.0,10165
el dorado,US-06017,-120.4259625,38.78496,C-IV,2018,1272,5953,4054,665.0,,,188399,55406,35745,3079.0,2766.6666666666665,11279,0.059867621378032795,145,17,0.948632049134562,105000.0,1791
fresno,US-06019,-120.862059,36.74633,CalWIN,2018,9095,90733,112941,48747.0,,,1007229,175008,282393,108140.0,41276.41666666666,212769,0.21124193207304395,146,19,0.789638231353283,66000.0,8956
humboldt,US-06023,-123.959972,40.73356,C-IV,2018,1663,11759,6579,756.0,,,136002,34375,28453,2500.0,5039.0,20001,0.14706401376450345,147,23,0.831703910614525,61500.0,1432
imperial,US-06025,-115.058652,33.02615,C-IV,2018,3134,18206,18884,20717.0,,,190624,34300,55371,34263.0,9948.583333333334,40224,0.21101225449051536,148,25,0.791372549019608,67500.0,1275
kern,US-06029,-118.4426011,35.29441,C-IV,2018,8501,64269,83589,33485.0,,,905801,146852,256078,84735.0,31037.58333333333,156359,0.17261959304527152,149,29,0.802650327728698,66180.0,7018
kings,US-06031,-119.6135104,36.138775,C-IV,2018,1183,10288,11878,5024.0,,,151662,22623,46215,13829.0,4571.916666666667,23349,0.15395418760137675,150,31,0.859394703656999,81100.0,1586
los angeles,US-06037,-117.9879672,34.26394,LRS,2018,91132,486906,520268,363721.0,,,10283729,2056614,2298592,1297024.0,366051.5,1098306,0.10680036395358143,151,37,0.8930376523136,85000.0,102092
madera,US-06039,-119.84174,37.27052,C-IV,2018,1154,9834,15793,8581.0,,,158894,31061,42250,18907.0,4441.333333333333,26781,0.16854632648180548,152,39,0.81893313298272,76000.0,1331
marin,US-06041,-122.870429,38.068145,C-IV,2018,1488,4205,4263,3685.0,,,263886,79357,52222,9959.0,2577.9166666666665,9956,0.03772841302683735,153,41,0.978444632290786,175500.0,2366
merced,US-06047,-120.1246993,37.18687,C-IV,2018,2557,21890,27778,12859.0,,,279977,44559,80521,34066.0,10384.333333333334,52225,0.18653317951117412,154,47,0.80514096185738,66300.0,2412
napa,US-06055,-122.5128064,38.509635,C-IV,2018,633,2243,3004,2117.0,,,141294,36069,29273,11182.0,1867.6666666666667,5880,0.04161535521678203,155,55,0.940727699530516,109000.0,1704
orange,US-06059,-117.8002615,33.66707,CalWIN,2018,22192,87290,112029,90413.0,,,3221103,674940,724718,304940.0,67075.33333333333,221511,0.06876867954858941,156,59,0.923104872006606,107000.0,30275
placer,US-06061,-120.7858989,39.013999,CalWIN,2018,1828,7315,5725,1426.0,,,389532,104700,76338,6453.0,4988.583333333333,14868,0.03816887957857121,157,61,0.961058045554739,109600.0,4083
riverside,US-06065,-115.0250859,33.752845,C-IV,2018,18050,111075,125773,49247.0,,,2415955,497063,601945,181074.0,57936.41666666666,254898,0.10550610421137811,158,65,0.89401042807694,83000.0,22823
sacramento,US-06067,-121.1505311,38.383079,CalWIN,2018,11983,96234,91993,43300.0,,,1529501,304473,363983,92841.0,60415.833333333336,200210,0.1308989010141216,159,67,0.871956478471439,85000.0,15073
san bernardino,US-06071,-116.6760973,34.840011,C-IV,2018,21422,152270,166608,53670.0,,,2174938,374170,581301,159507.0,65946.58333333333,340300,0.15646423024472422,160,71,0.841670794122503,80000.0,18171
san diego,US-06073,-116.693716,33.019645,CalWIN,2018,27745,121601,116459,86280.0,,,3337456,682446,804235,216965.0,73274.33333333333,265805,0.07964299754064173,161,73,0.915796497080901,99000.0,29975
san francisco,US-06075,-122.4847727,37.759845,CalWIN,2018,10215,24275,15664,20115.0,,,883963,198778,132330,96657.0,35035.083333333336,50154,0.056737668884331134,162,75,0.942141403865717,151050.0,7864
san joaquin,US-06077,-120.9449271,37.889845,C-IV,2018,6208,43425,50660,17749.0,,,758744,137287,201902,62038.0,25946.916666666668,100293,0.1321829233575488,163,77,0.819206680584551,78900.0,7185
san luis obispo,US-06079,-120.1080592,35.34633,CalWIN,2018,1793,7927,6516,2630.0,,,280101,80561,51974,9045.0,3802.0,16236,0.05796480555228293,164,79,0.944596176355833,99000.0,2563
san mateo,US-06081,-122.2406398,37.407705,CalWIN,2018,3385,8539,11435,9687.0,,,774155,183173,163129,54023.0,9211.75,23359,0.03017354405771454,165,81,0.968247745981968,158500.0,7653
santa barbara,US-06083,-120.0351675,34.743715,CalWIN,2018,2798,16125,19884,13453.0,,,453457,93932,103199,45552.0,7676.0,38807,0.08558033065979795,166,83,0.916158192090396,102000.0,4425
santa clara,US-06085,-121.6161794,37.18939,CalWIN,2018,10216,32789,36942,31912.0,,,1956598,393649,448977,162853.0,39763.833333333336,79947,0.04086020735991757,167,85,0.954178718221952,158000.0,19707
santa cruz,US-06087,-122.0401593,37.06834,CalWIN,2018,2543,11335,10439,7987.0,,,276864,65283,60678,20226.0,4530.666666666667,24317,0.08783012598243181,168,87,0.908032128514056,135000.0,2490
shasta,US-06089,-122.0883555,40.735175,C-IV,2018,2007,12897,9205,427.0,,,178271,49766,37648,2041.0,8818.75,24109,0.1352379242838151,169,89,0.885893115069812,70300.0,2077
solano,US-06095,-121.6688337,38.2894915,CalWIN,2018,3317,18283,16724,5587.0,,,439793,99982,101176,20223.0,10681.25,38324,0.08714099587760606,170,95,0.922473672417656,102000.0,4463
sonoma,US-06097,-122.7518161,38.481733,CalWIN,2018,3718,12298,12845,7980.0,,,503332,139599,98066,26868.0,7735.583333333333,28861,0.057339886993078126,171,97,0.948581181992746,105000.0,4687
stanislaus,US-06099,-120.8981857,37.606095,C-IV,2018,4894,36317,36686,14019.0,,,555624,103114,146558,48530.0,18831.916666666668,77897,0.14019732768922868,172,99,0.829482948294829,69200.0,4545
tulare,US-06107,-119.0889841,36.266965,CalWIN,2018,6174,47882,62215,36932.0,,,475834,78149,144290,61208.0,17480.166666666668,116271,0.24435202192361202,173,107,0.746004842615012,56000.0,4130
ventura,US-06111,-119.0838699,34.47326,CalWIN,2018,6419,27742,32789,22650.0,,,859073,189578,197155,77382.0,14449.583333333334,66950,0.07793284156294052,174,111,0.908431237042156,104000.0,8682
yolo,US-06113,-121.9008022,38.619495,CalWIN,2018,1460,9710,7253,4136.0,,,221270,39228,51447,12376.0,4944.25,18423,0.08326027025805577,175,113,0.904455445544554,97800.0,2020
alameda,US-06001,-121.7871814,37.680185,CalWIN,2019,19496,49067,39045,30618.0,,,1674115,363389,354301,123725.0,43239.583333333336,107608,0.0642775436573951,177,1,0.943637916310845,142000.0,17565
butte,US-06007,-121.5660076,39.723785,C-IV,2019,3289,16564,9990,2008.0,,,216965,56856,43424,5358.0,9454.75,29843,0.13754753070771783,178,7,0.857977528089888,73090.0,2225
contra costa,US-06013,-121.717604,37.888418,CalWIN,2019,8188,26734,26748,11724.0,,,1153077,275661,250901,69338.0,22689.666666666668,61670,0.053482985091195125,179,13,0.949127330424435,135050.0,10084
el dorado,US-06017,-120.4259625,38.78496,C-IV,2019,1598,5944,3639,594.0,,,191210,59081,34252,2847.0,2693.1666666666665,11181,0.058474975158203026,180,17,0.954520844612886,119000.0,1847
fresno,US-06019,-120.862059,36.74633,CalWIN,2019,14484,87111,103869,45108.0,,,1021960,176739,281014,105377.0,41245.66666666666,205464,0.20104896473443187,181,19,0.792897444407567,75500.0,9039
humboldt,US-06023,-123.959972,40.73356,C-IV,2019,2758,12933,6466,718.0,,,134909,34139,27987,1936.0,4886.916666666667,22157,0.16423663358263718,182,23,0.850174216027875,74620.0,1435
imperial,US-06025,-115.058652,33.02615,C-IV,2019,4896,17607,17674,20620.0,,,190025,35559,55110,34202.0,9791.166666666666,40177,0.2114300749901329,183,25,0.791543026706231,73000.0,1348
kern,US-06029,-118.4426011,35.29441,C-IV,2019,12328,65069,78655,30673.0,,,917379,150342,252977,85522.0,31107.666666666668,156052,0.17010635735066967,184,29,0.798734905117884,70000.0,6956
kings,US-06031,-119.6135104,36.138775,C-IV,2019,1759,10439,11348,4703.0,,,154446,22885,43977,14286.0,4570.083333333333,23546,0.15245457959416236,185,31,0.85175380542687,75700.0,1511
los angeles,US-06037,-117.9879672,34.26394,LRS,2019,181910,497924,471744,378038.0,,,10260237,2085070,2231467,1265355.0,359101.6666666667,1151578,0.11223697854152882,186,37,0.88965949610125,93000.0,102084
madera,US-06039,-119.84174,37.27052,C-IV,2019,1632,9621,14870,8042.0,,,158940,31620,41235,18762.0,4424.75,26123,0.1643576192273814,187,39,0.815305371596762,84100.0,1359
marin,US-06041,-122.870429,38.068145,C-IV,2019,2089,4306,3773,3412.0,,,261627,83999,49636,9402.0,2498.1666666666665,10168,0.03886449028578855,188,41,0.974667774086379,164700.0,2408
merced,US-06047,-120.1246993,37.18687,C-IV,2019,3955,22713,25940,12187.0,,,283408,45081,79847,34355.0,10346.416666666666,52608,0.18562637610794333,189,47,0.787741670094611,68800.0,2431
napa,US-06055,-122.5128064,38.509635,C-IV,2019,833,2224,2510,1832.0,,,140062,35619,27975,10647.0,1848.8333333333333,5567,0.03974668361154346,190,55,0.982132564841499,120000.0,1735
orange,US-06059,-117.8002615,33.66707,CalWIN,2019,32978,79099,92237,81334.0,,,3220987,693437,717003,293076.0,66639.33333333333,204314,0.06343210947451822,191,59,0.936798658583774,115000.0,31012
placer,US-06061,-120.7858989,39.013999,CalWIN,2019,2410,7167,5197,1381.0,,,394737,103679,81792,7227.0,5103.5,14774,0.03742745169568599,192,61,0.950552088334134,120200.0,4166
riverside,US-06065,-115.0250859,33.752845,C-IV,2019,24538,109595,112871,43729.0,,,2443454,508893,592047,184782.0,58175.41666666666,247004,0.10108804994896568,193,65,0.90202717754511,90200.0,22445
sacramento,US-06067,-121.1505311,38.383079,CalWIN,2019,22704,99215,86191,44201.0,,,1553253,317294,367322,91340.0,59641.16666666666,208110,0.1339833240302771,194,67,0.890395480225989,92000.0,15045
san bernardino,US-06071,-116.6760973,34.840011,C-IV,2019,29074,145985,150208,47712.0,,,2197650,378683,557643,158414.0,65960.91666666667,325267,0.14800673446636178,195,71,0.859602206251045,83400.0,17949
san diego,US-06073,-116.693716,33.019645,CalWIN,2019,40827,121468,105574,85038.0,,,3357442,668905,758196,210717.0,72455.66666666667,267869,0.07978365672437528,196,73,0.930729846400964,105000.0,29883
san francisco,US-06075,-122.4847727,37.759845,CalWIN,2019,24223,24448,13761,29601.0,,,889360,201195,133134,93982.0,34245.333333333336,62432,0.07019879463884142,197,75,0.940046211844826,162000.0,8223
san joaquin,US-06077,-120.9449271,37.889845,C-IV,2019,9251,42221,45457,16098.0,,,771700,143011,195068,60989.0,25468.58333333333,96929,0.1256045095244266,198,77,0.836389684813754,85375.0,6980
san luis obispo,US-06079,-120.1080592,35.34633,CalWIN,2019,2193,7917,5853,2418.0,,,278902,75496,49559,8050.0,3670.4166666666665,15963,0.05723515786907229,199,79,0.941417910447761,105700.0,2680
san mateo,US-06081,-122.2406398,37.407705,CalWIN,2019,4566,7704,9310,8493.0,,,776252,191894,160174,53510.0,8932.916666666666,21580,0.027800250434137367,200,81,0.965937657114128,182600.0,7956
santa barbara,US-06083,-120.0351675,34.743715,CalWIN,2019,3926,17198,18213,12643.0,,,454529,94428,99782,46579.0,7495.0,39337,0.08654453291209142,201,83,0.904568068747173,100000.0,4422
santa clara,US-06085,-121.6161794,37.18939,CalWIN,2019,19641,31022,31177,34223.0,,,1961117,401564,445263,159929.0,38990.25,81840,0.04173131944702942,202,85,0.95519066224838,169500.0,20219
santa cruz,US-06087,-122.0401593,37.06834,CalWIN,2019,3146,11282,9244,7009.0,,,274545,65645,53106,19308.0,4402.916666666667,23672,0.0862226593090386,203,87,0.922151184655886,140000.0,2659
shasta,US-06089,-122.0883555,40.735175,C-IV,2019,2812,12871,8248,373.0,,,178029,48209,38121,1632.0,8528.25,23931,0.1344219200242657,204,89,0.899636693914623,81000.0,2202
solano,US-06095,-121.6688337,38.2894915,CalWIN,2019,4711,18498,15085,5037.0,,,442145,101394,99071,20761.0,10464.333333333334,38294,0.08660959639937124,205,95,0.926221804511278,112000.0,4256
sonoma,US-06097,-122.7518161,38.481733,CalWIN,2019,4687,11873,10794,6586.0,,,498480,137772,94462,26234.0,7508.666666666667,27354,0.05487481945113144,206,97,0.95371142618849,111890.0,4796
stanislaus,US-06099,-120.8981857,37.606095,C-IV,2019,7756,34892,32563,13627.0,,,558395,101956,149638,47927.0,18536.916666666668,75211,0.13469139229398544,207,99,0.874255319148936,77500.0,4700
tulare,US-06107,-119.0889841,36.266965,CalWIN,2019,8320,47695,58133,34298.0,,,479924,80309,141302,59409.0,17519.25,114148,0.23784599228211134,208,107,0.74807268722467,68500.0,3632
ventura,US-06111,-119.0838699,34.47326,CalWIN,2019,8138,26879,29441,20132.0,,,853747,191306,197106,75556.0,14271.5,64458,0.07550011888767984,209,111,0.917366946778711,114000.0,8568
yolo,US-06113,-121.9008022,38.619495,CalWIN,2019,2196,10300,6636,3874.0,,,222868,39146,48055,12635.0,4828.166666666667,19132,0.08584453577902615,210,113,0.914992993928071,106300.0,2141
alameda,US-06001,-121.7871814,37.680185,CalWIN,2020,29838,65823,45256,40802.0,,,1671855,378012,368330,119494.0,42689.5,140917,0.084287812041116,212,1,0.927167474421109,154150.0,14856
butte,US-06007,-121.5660076,39.723785,C-IV,2020,4171,17442,9119,2048.0,,,206362,57085,44417,5615.0,9056.25,30732,0.14892276678845912,213,7,0.832931242460796,81000.0,1658
contra costa,US-06013,-121.717604,37.888418,CalWIN,2020,12158,34375,30548,15192.0,,,1149800,285665,246929,65454.0,22389.33333333333,77081,0.06703861541137589,214,13,0.932060781112646,144000.0,7963
el dorado,US-06017,-120.4259625,38.78496,C-IV,2020,2006,6854,3678,629.0,,,192012,61293,34198,2722.0,2626.6666666666665,12538,0.06529800220819532,215,17,0.949635520212061,116000.0,1509
fresno,US-06019,-120.862059,36.74633,CalWIN,2020,19897,94085,102953,46036.0,,,1026358,191583,277331,99823.0,40940.91666666666,216935,0.2113638710859174,216,19,0.791408450704225,80000.0,7100
humboldt,US-06023,-123.959972,40.73356,C-IV,2020,3328,13591,6422,752.0,,,132706,36874,27642,1942.0,4829.833333333333,23341,0.17588503910900788,217,23,0.827338129496403,76100.0,1112
imperial,US-06025,-115.058652,33.02615,C-IV,2020,6187,17997,16697,20237.0,,,188090,37904,51592,32870.0,9568.25,40881,0.21734807804774312,218,25,0.761545711592837,72000.0,1061
kern,US-06029,-118.4426011,35.29441,C-IV,2020,16641,74124,80619,32290.0,,,912975,156344,252034,82813.0,31163.25,171384,0.18772036474164133,219,29,0.808990760483298,76100.0,5628
kings,US-06031,-119.6135104,36.138775,C-IV,2020,2301,11463,11686,4823.0,,,154745,26522,42183,14598.0,4566.25,25450,0.16446411838831626,220,31,0.869300911854103,108500.0,1316
los angeles,US-06037,-117.9879672,34.26394,LRS,2020,272684,621516,511550,457367.0,,,10171593,2198362,2307784,1215442.0,353975.4166666667,1405750,0.13820352426606136,221,37,0.86593248147964,100000.0,80452
madera,US-06039,-119.84174,37.27052,C-IV,2020,2369,11385,15822,8823.0,,,158794,32618,41512,18287.0,4302.333333333333,29576,0.1862538886859705,222,39,0.781411359724613,88800.0,1162
marin,US-06041,-122.870429,38.068145,C-IV,2020,2869,5800,4672,4227.0,,,258956,88540,48131,8984.0,2463.25,13341,0.05151840467106381,223,41,0.967837704106878,192700.0,2021
merced,US-06047,-120.1246993,37.18687,C-IV,2020,5118,23439,25069,12445.0,,,284761,48349,78384,33758.0,10218.416666666666,53626,0.18831932743599017,224,47,0.77311320754717,70900.0,2120
napa,US-06055,-122.5128064,38.509635,C-IV,2020,1304,2909,2945,2424.0,,,138711,38075,27541,9612.0,1823.75,7158,0.05160369401128966,225,55,0.945578231292517,128000.0,1323
orange,US-06059,-117.8002615,33.66707,CalWIN,2020,47911,92330,94478,90479.0,,,3190832,722335,720052,279331.0,66663.08333333333,234719,0.07356043815531497,226,59,0.916783159279664,124520.0,24322
placer,US-06061,-120.7858989,39.013999,CalWIN,2020,3079,6973,4867,1593.0,,,397469,107552,79559,6094.0,5204.0,14919,0.037535002729772636,227,61,0.964339679661529,125000.0,3309
riverside,US-06065,-115.0250859,33.752845,C-IV,2020,33748,123750,115698,46646.0,,,2449299,525623,587182,182640.0,58500.333333333336,273196,0.11154048566549041,228,65,0.881677261068362,93300.0,17934
sacramento,US-06067,-121.1505311,38.383079,CalWIN,2020,32285,108309,86577,49827.0,,,1562242,333014,373538,89534.0,58904.5,227171,0.14541345066897446,229,67,0.846751123825092,97000.0,12235
san bernardino,US-06071,-116.6760973,34.840011,C-IV,2020,37729,157854,152876,49763.0,,,2184112,397804,564740,153812.0,65995.5,348459,0.1595426425018497,230,71,0.833624973752362,85500.0,14287
san diego,US-06073,-116.693716,33.019645,CalWIN,2020,58030,165163,121097,101473.0,,,3352145,698918,807046,200324.0,72003.66666666667,344290,0.10270737095203221,231,73,0.914933996879086,116000.0,23711
san francisco,US-06075,-122.4847727,37.759845,CalWIN,2020,32194,31035,15664,36602.0,,,899891,219925,149146,91297.0,33746.75,78893,0.08766950664024865,232,75,0.906676783004552,170600.0,6590
san joaquin,US-06077,-120.9449271,37.889845,C-IV,2020,12960,44408,44484,17718.0,,,776068,149849,197596,60993.0,25040.25,101852,0.1312410768128566,233,77,0.809490579204466,91000.0,5732
san luis obispo,US-06079,-120.1080592,35.34633,CalWIN,2020,2770,8591,6130,2645.0,,,276151,79764,47577,7485.0,3597.6666666666665,17491,0.06333853580106535,234,79,0.954789615040286,105000.0,2234
san mateo,US-06081,-122.2406398,37.407705,CalWIN,2020,6240,10644,11207,10850.0,,,775132,201889,169953,49933.0,8733.083333333334,28091,0.036240279075047864,235,81,0.955569969190855,185000.0,6167
santa barbara,US-06083,-120.0351675,34.743715,CalWIN,2020,5211,20043,19757,14309.0,,,451329,97951,103140,44724.0,7421.833333333333,45011,0.09972990878051266,236,83,0.917850181008076,117000.0,3591
santa clara,US-06085,-121.6161794,37.18939,CalWIN,2020,27168,38652,34469,41385.0,,,1962251,423276,455912,158711.0,38438.0,100289,0.051109159837350066,237,85,0.951267521622428,175000.0,16765
santa cruz,US-06087,-122.0401593,37.06834,CalWIN,2020,4020,13144,9811,7711.0,,,270067,67776,54285,17443.0,4403.333333333333,26975,0.09988262171979546,238,87,0.899663946231397,151000.0,2083
shasta,US-06089,-122.0883555,40.735175,C-IV,2020,3769,13921,7857,453.0,,,177692,51672,37836,1747.0,8292.333333333334,25547,0.1437712446255318,239,89,0.860131500298864,84300.0,1673
solano,US-06095,-121.6688337,38.2894915,CalWIN,2020,6392,22326,16564,6070.0,,,440198,106542,98915,19940.0,10288.0,45282,0.1028673460579103,240,95,0.890488286762631,114000.0,3543
sonoma,US-06097,-122.7518161,38.481733,CalWIN,2020,5992,14443,11807,7331.0,,,491134,141632,94488,25700.0,7270.0,32242,0.0656480716057125,241,97,0.942616679418516,116400.0,3921
stanislaus,US-06099,-120.8981857,37.606095,C-IV,2020,10093,34907,30427,13701.0,,,555955,110821,142535,45979.0,18066.75,75427,0.135671052513243,242,99,0.82421451787649,75855.0,3692
tulare,US-06107,-119.0889841,36.266965,CalWIN,2020,10636,48974,56182,33043.0,,,480788,82703,139232,57319.0,17481.75,115792,0.24083795768613192,243,107,0.733137829912023,72000.0,3069
ventura,US-06111,-119.0838699,34.47326,CalWIN,2020,10168,28357,29087,20929.0,,,841439,202071,193294,71885.0,14148.416666666666,67612,0.08035282415005722,244,111,0.924755455229496,118900.0,6645
yolo,US-06113,-121.9008022,38.619495,CalWIN,2020,2882,12157,6648,4379.0,,,221718,43485,45923,12433.0,4691.166666666667,21687,0.09781343869239303,245,113,0.885021752641392,115500.0,1609
