fips,year,AIAN NH,Asian NH,Black NH,Hispanic,MR NH,NHPI NH,White NH
6001,2010,8521,791388,370685,681755,114445,24871,1035222
6001,2011,4320,414384,183078,346867,60620,12704,514013
6001,2012,4317,434214,180991,352914,64061,12858,511358
6001,2013,4326,456999,177494,357878,67990,13046,506331
6001,2014,4354,480874,173825,362827,72098,13233,501403
6001,2015,4379,502092,170492,367191,75731,13426,496848
6001,2016,4385,519969,167370,370848,78724,13542,492494
6001,2017,4369,532439,165172,374031,80644,13687,489408
6001,2018,4351,540298,164086,377261,81722,13809,488132
6001,2019,4337,547473,163126,380444,82682,13890,486974
6001,2020,4176,545356,160507,376737,88533,13731,477641
6003,2010,419,14,0,169,45,0,1705
6003,2011,211,7,0,85,26,0,852
6003,2012,219,6,1,92,30,0,838
6003,2013,222,6,0,94,33,0,838
6003,2014,222,6,1,103,33,0,834
6003,2015,229,4,1,105,35,0,827
6003,2016,225,5,1,113,39,0,824
6003,2017,224,6,1,111,38,0,831
6003,2018,224,6,1,117,40,0,820
6003,2019,227,6,3,118,42,0,809
6003,2020,214,12,10,107,76,0,801
6005,2010,1096,799,1915,9505,1824,131,60535
6005,2011,531,388,950,4748,946,66,29493
6005,2012,542,416,996,4973,1116,71,28789
6005,2013,530,426,1027,5064,1249,73,28192
6005,2014,558,455,1102,5364,1411,73,27967
6005,2015,554,480,1123,5506,1547,68,27627
6005,2016,599,509,1214,5885,1750,76,27896
6005,2017,594,505,1236,6046,1774,79,28315
6005,2018,607,529,1299,6396,1871,84,29252
6005,2019,585,516,1297,6462,1872,79,29468
6005,2020,595,566,1242,6232,2056,80,30024
6007,2010,6834,18089,6329,62636,14275,852,331604
6007,2011,3445,9415,3365,33768,8068,443,163645
6007,2012,3439,9719,3494,36343,8960,523,161838
6007,2013,3431,9999,3606,39261,10032,565,158650
6007,2014,3440,10328,3741,42495,11185,635,156006
6007,2015,3453,10613,3854,45334,12226,704,153175
6007,2016,3460,10903,3943,47789,13106,778,150702
6007,2017,3454,11175,4014,49871,13809,793,149964
6007,2018,3457,11425,4033,51056,14155,808,149693
6007,2019,3360,11147,3924,50122,13837,746,143578
6007,2020,3071,10445,3363,50582,13472,510,140818
6009,2010,1067,1085,722,9477,2459,144,76189
6009,2011,541,551,365,4913,1300,72,37777
6009,2012,529,589,358,5561,1605,74,36796
6009,2013,533,621,362,6099,1825,74,35915
6009,2014,539,659,366,6626,2062,74,35097
6009,2015,546,689,379,7143,2277,75,34305
6009,2016,542,714,379,7656,2495,74,33505
6009,2017,530,696,375,7745,2491,72,33445
6009,2018,512,687,360,7823,2481,74,33428
6009,2019,490,666,352,7909,2475,76,33317
6009,2020,519,715,331,8086,2879,100,34941
6011,2010,595,552,337,23575,509,122,17051
6011,2011,296,270,167,11928,262,60,8373
6011,2012,299,270,170,12290,307,64,8006
6011,2013,305,275,166,12570,345,66,7737
6011,2014,305,275,166,12819,377,66,7406
6011,2015,308,278,169,13041,410,66,7183
6011,2016,315,284,166,13443,455,68,6946
6011,2017,303,272,166,13635,441,70,6905
6011,2018,294,266,165,13705,431,70,6759
6011,2019,284,262,163,13858,426,72,6680
6011,2020,285,267,211,14317,536,81,7012
6013,2010,6096,302354,189307,512685,75333,9166,1007111
6013,2011,3080,160196,95837,262919,41044,4741,500513
6013,2012,2980,168651,96687,268370,44164,4992,496669
6013,2013,2924,179054,97517,274049,47996,5217,491435
6013,2014,2877,189457,98212,279388,51883,5404,485512
6013,2015,2819,199139,99007,284960,55506,5652,481234
6013,2016,2765,207321,99616,289933,58519,5881,477531
6013,2017,2747,212612,99922,293598,60454,5930,474194
6013,2018,2730,216153,100395,297591,61691,5993,473464
6013,2019,2681,218638,100546,300578,62573,6016,471255
6013,2020,2600,216770,98892,301377,66447,5952,460334
6015,2010,3886,1880,2093,10175,1889,54,37054
6015,2011,1950,945,1031,5107,989,27,18212
6015,2012,1982,911,1016,5198,1222,26,17683
6015,2013,1985,892,997,5220,1382,26,17087
6015,2014,1977,863,996,5291,1533,25,16575
6015,2015,2012,851,977,5397,1708,27,16141
6015,2016,2029,834,991,5575,1899,29,15713
6015,2017,2016,831,983,5597,1868,28,15575
6015,2018,2045,852,1007,5764,1928,30,15946
6015,2019,2046,842,1002,5817,1941,30,15926
6015,2020,2138,841,914,5103,2224,23,16438
6017,2010,3128,12462,2627,43924,9660,539,289853
6017,2011,1580,6323,1323,23024,4991,267,143324
6017,2012,1497,6755,1353,23816,6143,282,141132
6017,2013,1468,7162,1403,24945,7066,295,139624
6017,2014,1410,7479,1421,25915,7935,302,137436
6017,2015,1379,7789,1458,26811,8723,312,135733
6017,2016,1320,8157,1515,27640,9600,322,134383
6017,2017,1322,8326,1498,28549,9767,315,135023
6017,2018,1336,8519,1497,29278,9953,315,136224
6017,2019,1327,8496,1464,29782,9911,311,136614
6017,2020,1287,9126,1449,32500,11361,309,141291
6019,2010,12176,176577,90740,938929,31137,2202,611531
6019,2011,6153,89891,44970,483482,16660,1134,299503
6019,2012,6039,91231,44416,495925,17633,1144,292975
6019,2013,5941,92470,43487,509020,18786,1171,284606
6019,2014,5890,93934,42559,523158,20031,1192,276246
6019,2015,5788,95412,41753,536528,21175,1217,268986
6019,2016,5686,96687,41073,548033,22104,1241,262537
6019,2017,5704,98106,40795,558403,22790,1228,258367
6019,2018,5706,99525,40826,567298,23223,1210,256177
6019,2019,5701,100794,40871,575520,23592,1200,253962
6019,2020,6180,111312,44664,588687,29550,1287,274882
6021,2010,964,1364,386,21185,902,44,31497
6021,2011,485,687,193,10779,464,22,15589
6021,2012,492,658,189,11108,566,24,14972
6021,2013,508,646,185,11405,652,23,14595
6021,2014,515,650,187,11711,742,25,14245
6021,2015,521,654,185,11976,809,25,13831
6021,2016,539,640,185,12249,904,26,13462
6021,2017,514,630,176,12420,890,24,13418
6021,2018,502,609,168,12546,876,25,13408
6021,2019,487,611,169,12856,870,24,13508
6021,2020,508,652,152,12629,999,35,14006
6023,2010,14018,5793,2843,26729,10950,672,208805
6023,2011,7113,2948,1444,15086,6112,340,102767
6023,2012,7018,2957,1476,16522,6610,355,100562
6023,2013,7019,2989,1533,18434,7219,370,98112
6023,2014,6991,3033,1571,20329,7850,383,95553
6023,2015,7021,3097,1636,22151,8412,398,93633
6023,2016,7075,3201,1697,23747,8927,414,92285
6023,2017,7070,3199,1681,24745,9240,404,91153
6023,2018,7052,3253,1676,25254,9375,399,90484
6023,2019,7029,3252,1633,25589,9439,391,89407
6023,2020,7473,3528,1752,24245,10409,417,94218
6025,2010,3313,4519,10316,281197,2022,183,48166
6025,2011,1675,2298,5069,143142,1038,94,23556
6025,2012,1716,2417,4912,144255,1173,93,22819
6025,2013,1742,2495,4695,145125,1277,95,21883
6025,2014,1821,2626,4486,147472,1407,95,21060
6025,2015,1875,2720,4321,149152,1519,94,20271
6025,2016,1913,2813,4153,150223,1634,99,19445
6025,2017,1860,2787,4030,151416,1579,93,18862
6025,2018,1797,2752,3916,152162,1541,89,18370
6025,2019,1760,2710,3742,153113,1505,88,17891
6025,2020,1600,2296,3865,158164,1578,88,17029
6027,2010,3799,461,204,7228,772,30,24612
6027,2011,1920,239,103,3709,420,15,12218
6027,2012,1968,259,103,3944,516,16,11896
6027,2013,2001,274,106,4108,587,17,11668
6027,2014,2041,289,108,4308,672,18,11437
6027,2015,2077,293,108,4479,758,19,11177
6027,2016,2116,309,111,4650,824,19,10927
6027,2017,2114,305,107,4686,826,19,10888
6027,2018,2094,286,106,4761,832,19,10855
6027,2019,2089,280,102,4809,830,19,10818
6027,2020,2190,273,85,4689,935,13,11120
6029,2010,11916,67493,91546,829225,30166,2041,649176
6029,2011,5971,34584,45588,430571,16201,1033,316169
6029,2012,5687,35368,45279,445919,17254,1034,307898
6029,2013,5496,36272,44694,463707,18563,1045,297259
6029,2014,5293,37066,43931,480235,19864,1050,285474
6029,2015,5081,37771,43219,495140,21037,1049,274784
6029,2016,4843,38320,42504,506981,21912,1045,265097
6029,2017,4846,38890,42352,518668,22641,1042,259764
6029,2018,4821,39340,42458,527617,23030,1035,257354
6029,2019,4821,39751,42607,536391,23375,1035,255170
6029,2020,5253,45054,47163,548781,28564,1139,282372
6031,2010,2631,10872,20822,155950,6295,469,108298
6031,2011,1322,5345,10154,80227,3148,233,51059
6031,2012,1290,4995,9125,82793,3121,250,48192
6031,2013,1299,4777,8533,86721,3171,268,44898
6031,2014,1284,4478,7945,90085,3167,279,41256
6031,2015,1268,4287,7483,93753,3207,298,38229
6031,2016,1263,4026,6931,96357,3225,311,35502
6031,2017,1269,4047,6983,99020,3281,305,34028
6031,2018,1264,4115,7097,101318,3354,292,33600
6031,2019,1246,4076,7083,102633,3357,283,33013
6031,2020,1711,5616,8421,105706,4975,356,45123
6033,2010,3112,1440,2401,22525,4059,200,96909
6033,2011,1596,730,1197,12345,2134,102,48155
6033,2012,1613,791,1207,13288,2518,104,47496
6033,2013,1610,830,1223,14317,2792,101,46427
6033,2014,1643,870,1233,15381,3070,103,45377
6033,2015,1614,890,1206,16079,3239,100,43803
6033,2016,1626,932,1202,16789,3513,102,42781
6033,2017,1657,935,1212,17654,3633,100,42772
6033,2018,1657,923,1185,18127,3685,100,42681
6033,2019,1634,887,1142,18441,3691,102,42217
6033,2020,1726,941,1169,17906,4212,119,44571
6035,2010,2010,685,5886,12293,1721,328,46850
6035,2011,999,338,2896,6486,885,164,23045
6035,2012,955,365,2705,6912,978,175,21443
6035,2013,958,385,2645,7383,1056,196,20417
6035,2014,957,409,2588,7873,1166,208,19524
6035,2015,938,427,2502,8300,1228,218,18084
6035,2016,975,477,2540,8828,1383,243,17863
6035,2017,949,471,2547,9104,1381,246,17957
6035,2018,929,455,2577,9240,1383,246,18106
6035,2019,906,454,2547,9293,1367,241,18049
6035,2020,947,479,2389,8143,1606,269,19810
6037,2010,38935,2679241,1652761,9382252,363950,46269,5497822
6037,2011,19884,1377859,833385,4666778,199748,23416,2772791
6037,2012,20268,1420164,841741,4642559,217925,23608,2804247
6037,2013,20623,1466897,848465,4576722,239682,23624,2836599
6037,2014,20985,1515963,855148,4503613,262291,23601,2870897
6037,2015,21268,1559860,860048,4438792,282381,23576,2897901
6037,2016,21478,1595485,862364,4383550,298809,23546,2914626
6037,2017,21569,1619502,862533,4358610,309283,23586,2919553
6037,2018,21450,1627769,858545,4350972,313312,23605,2905018
6037,2019,21304,1630689,852700,4335908,316054,23564,2883632
6037,2020,18998,1485851,769905,4313528,313056,21091,2594702
6039,2010,3653,5186,10417,161911,4492,222,115107
6039,2011,1846,2635,5182,83162,2316,113,56084
6039,2012,1759,2724,4834,84064,2561,116,54227
6039,2013,1749,2868,4673,86349,2829,120,52646
6039,2014,1744,3035,4553,88863,3095,124,51197
6039,2015,1721,3165,4403,90567,3329,130,49582
6039,2016,1671,3282,4264,92135,3553,133,48098
6039,2017,1670,3283,4262,94070,3559,133,47261
6039,2018,1652,3319,4252,95782,3559,132,46780
6039,2019,1623,3280,4174,96668,3509,129,45908
6039,2020,1783,3680,4258,99883,4382,143,49068
6041,2010,1092,27741,13580,78330,13952,894,369570
6041,2011,560,14168,6862,40265,8004,457,185095
6041,2012,593,14686,6883,41072,8896,481,184844
6041,2013,621,15263,6971,41986,10074,506,185224
6041,2014,643,15849,7018,42798,11245,525,185257
6041,2015,664,16120,7037,43288,12199,545,184111
6041,2016,692,16613,7056,43758,13038,563,183461
6041,2017,665,16685,7000,43946,13502,542,182413
6041,2018,641,16846,6990,44248,13741,516,181962
6041,2019,622,16855,6936,44388,13875,493,180748
6041,2020,587,16466,6254,46305,14418,488,175039
6043,2010,945,404,258,3370,1072,52,30378
6043,2011,471,201,129,1719,556,25,15056
6043,2012,477,225,128,1952,705,25,14560
6043,2013,492,240,131,2129,818,26,14101
6043,2014,502,257,135,2299,926,26,13703
6043,2015,511,275,140,2466,1039,25,13276
6043,2016,513,289,144,2654,1145,26,12873
6043,2017,494,280,138,2635,1123,26,12806
6043,2018,476,267,139,2623,1108,26,12706
6043,2019,459,256,134,2604,1092,26,12642
6043,2020,415,288,105,2623,1222,15,12919
6045,2010,7020,2867,1099,39145,4758,189,120619
6045,2011,3525,1443,550,20305,2440,95,59468
6045,2012,3506,1515,563,21151,2947,99,59155
6045,2013,3478,1581,571,21917,3299,102,58398
6045,2014,3491,1634,588,22775,3677,102,57841
6045,2015,3450,1673,604,23415,4011,100,56945
6045,2016,3464,1739,616,24157,4409,102,56534
6045,2017,3506,1745,608,24833,4453,103,56361
6045,2018,3505,1724,588,25249,4468,102,56090
6045,2019,3488,1721,570,25617,4484,104,55743
6045,2020,3537,1756,603,25342,4883,121,56674
6047,2010,2283,37154,17686,282148,8486,982,163759
6047,2011,1147,18546,8842,146984,4340,505,79336
6047,2012,1130,18416,8452,152471,4620,514,76700
6047,2013,1114,18039,8115,157781,4781,529,72965
6047,2014,1115,17705,7835,164026,5005,532,69338
6047,2015,1107,17399,7501,169312,5188,549,66043
6047,2016,1094,17158,7193,174030,5384,560,63282
6047,2017,1082,17199,7240,179238,5427,552,61872
6047,2018,1049,17257,7206,182389,5450,539,60981
6047,2019,1029,17385,7200,186178,5491,540,60334
6047,2020,1160,20260,8252,194673,7585,606,69485
6049,2010,588,145,155,2723,435,44,15309
6049,2011,291,74,78,1398,216,23,7399
6049,2012,308,73,76,1610,250,22,7002
6049,2013,325,74,75,1735,269,24,6547
6049,2014,338,75,77,1911,289,23,6246
6049,2015,357,79,76,2105,319,25,5991
6049,2016,383,76,79,2265,331,28,5633
6049,2017,363,77,72,2238,336,27,5578
6049,2018,340,75,72,2256,327,29,5656
6049,2019,334,74,72,2252,316,29,5632
6049,2020,387,63,66,2104,412,13,6464
6051,2010,476,382,85,7485,479,23,19283
6051,2011,239,196,43,3830,254,13,9668
6051,2012,236,205,49,3720,308,14,9450
6051,2013,240,214,52,3640,348,17,9213
6051,2014,242,233,56,3642,393,18,9133
6051,2015,239,245,58,3567,438,19,8982
6051,2016,241,254,64,3506,483,18,8823
6051,2017,232,248,63,3508,466,20,8818
6051,2018,215,239,60,3488,455,19,8746
6051,2019,212,221,59,3538,438,20,8739
6051,2020,177,159,68,3674,501,26,8763
6053,2010,2764,48113,22835,461071,18377,3826,274025
6053,2011,1389,24475,11410,235717,9405,1946,135909
6053,2012,1408,24798,11106,240112,10341,1957,134723
6053,2013,1412,25076,10803,243322,10974,1928,132840
6053,2014,1432,25337,10561,246735,11674,1933,130961
6053,2015,1458,25726,10345,251629,12467,1943,129910
6053,2016,1456,25967,10118,255692,13239,1986,128658
6053,2017,1434,25984,10040,258368,13203,1935,127047
6053,2018,1404,25931,9939,261386,13224,1938,125796
6053,2019,1376,25836,9904,264166,13244,1913,124435
6053,2020,1341,25392,9136,264636,14119,1898,121383
6055,2010,1097,18189,4942,88150,5720,649,154304
6055,2011,548,9242,2487,44801,2967,330,77093
6055,2012,546,9723,2503,45242,3593,342,76910
6055,2013,555,10038,2495,45378,4065,357,76490
6055,2014,560,10392,2535,45686,4548,370,76370
6055,2015,563,10727,2544,45827,5010,386,75898
6055,2016,563,10997,2535,45902,5464,397,75231
6055,2017,554,10965,2488,46024,5445,378,74445
6055,2018,542,10928,2448,46198,5431,372,73639
6055,2019,527,10905,2403,46432,5379,364,72955
6055,2020,515,10631,2312,47291,5723,333,69521
6057,2010,1600,2276,689,16998,4668,193,171174
6057,2011,806,1171,352,8840,2510,101,85442
6057,2012,771,1208,364,9708,3080,101,84032
6057,2013,751,1257,387,10399,3561,105,82933
6057,2014,745,1292,410,11296,4106,110,82411
6057,2015,719,1332,413,12036,4564,105,81287
6057,2016,698,1385,436,12723,5065,106,80506
6057,2017,695,1376,435,12938,5130,108,80702
6057,2018,683,1380,426,13180,5167,111,80973
6057,2019,672,1357,409,13342,5196,112,81210
6057,2020,691,1373,428,13518,5796,138,83450
6059,2010,12600,1074851,89307,2028800,137390,17046,2667159
6059,2011,6343,560960,45882,1025776,75772,8688,1329614
6059,2012,6227,584375,46989,1034179,82568,8548,1324960
6059,2013,6142,610563,48087,1035265,90687,8478,1313535
6059,2014,6042,637432,49149,1034437,99005,8384,1300721
6059,2015,5943,662011,50084,1034365,106417,8299,1288776
6059,2016,5825,682673,50750,1034160,112421,8158,1276372
6059,2017,5814,698918,51262,1038920,116475,8227,1268542
6059,2018,5760,707401,51340,1043572,118029,8252,1259110
6059,2019,5710,713647,51293,1046163,119117,8228,1247207
6059,2020,5377,703513,49910,1096050,125243,7861,1210221
6061,2010,4225,40712,9038,90200,20789,1444,532895
6061,2011,2158,22193,4643,48896,12108,751,266729
6061,2012,2099,23778,4997,52143,13603,787,265432
6061,2013,2071,25676,5265,55994,15411,825,262781
6061,2014,2030,27555,5559,59735,17223,850,259455
6061,2015,2003,29189,5762,63053,18759,904,256545
6061,2016,1990,30781,6037,66291,20193,934,255784
6061,2017,1960,32100,6125,68980,21290,941,257377
6061,2018,1986,33078,6239,71078,22011,945,260340
6061,2019,1977,33971,6305,73001,22625,941,262851
6061,2020,2046,35213,6524,76798,25361,999,274697
6063,2010,921,253,369,3251,1155,37,34006
6063,2011,465,129,191,1697,602,20,16847
6063,2012,439,131,175,2055,677,22,16415
6063,2013,437,133,169,2330,731,22,15995
6063,2014,432,132,166,2609,804,22,15611
6063,2015,423,138,167,2872,856,24,15221
6063,2016,423,136,162,3134,921,26,14870
6063,2017,409,139,162,3141,925,27,14839
6063,2018,405,139,160,3169,896,26,14780
6063,2019,401,139,160,3265,913,26,14903
6063,2020,370,169,126,2961,1107,45,16119
6065,2010,22177,255255,264614,1996595,91584,12025,1745229
6065,2011,11258,132535,134719,1026715,50235,6174,866536
6065,2012,11352,136617,136297,1047809,54110,6262,856848
6065,2013,11463,141343,137848,1068930,58798,6331,843649
6065,2014,11572,146584,139721,1092142,63764,6444,831421
6065,2015,11719,151397,141299,1113965,68146,6532,820104
6065,2016,11850,155950,142955,1136550,72000,6654,811739
6065,2017,11914,159688,144456,1157972,74772,6747,806446
6065,2018,11926,162453,145666,1177171,76443,6839,803275
6065,2019,11945,164806,146636,1194061,77837,6881,798369
6065,2020,12099,166576,148112,1221563,84913,6923,795825
6067,2010,15959,403319,282093,615191,118062,28048,1379749
6067,2011,8032,209694,140899,321224,63156,14371,681772
6067,2012,7762,217049,140297,333368,66874,15011,672687
6067,2013,7601,225440,138883,346859,71213,15538,659916
6067,2014,7516,235308,137889,362383,76073,16198,649639
6067,2015,7360,244039,137076,376245,80397,16848,640856
6067,2016,7228,251864,136664,388728,84173,17410,634334
6067,2017,7254,257949,136858,398527,86981,17696,631252
6067,2018,7271,262990,137946,406708,89076,17953,632724
6067,2019,7300,267454,138909,414252,90928,18246,633829
6067,2020,7520,279076,146771,408016,102784,19198,656729
6069,2010,481,2677,720,62651,1728,140,42435
6069,2011,240,1363,360,32293,883,70,21055
6069,2012,243,1516,386,33793,1008,80,20029
6069,2013,238,1622,411,35110,1092,86,19171
6069,2014,245,1737,431,36410,1184,91,18417
6069,2015,239,1850,450,37683,1261,96,17641
6069,2016,246,1949,473,38912,1359,97,17051
6069,2017,233,1935,462,39658,1365,95,16985
6069,2018,234,1944,447,40552,1367,94,17210
6069,2019,237,1963,438,41600,1377,95,17572
6069,2020,250,2241,489,43074,1857,150,19962
6071,2010,17363,251626,345318,2009999,81983,11991,1361884
6071,2011,8782,131496,173119,1034585,43755,6137,668412
6071,2012,8618,136191,172308,1055307,46063,6069,652347
6071,2013,8567,142224,171030,1079385,48892,6061,632483
6071,2014,8491,148872,169934,1106182,51990,6071,612957
6071,2015,8456,155074,168980,1130816,54754,6058,595437
6071,2016,8394,160518,168163,1152007,57098,6029,579912
6071,2017,8366,164950,168130,1170900,58825,6102,570018
6071,2018,8322,167962,168516,1185030,59830,6150,564226
6071,2019,8319,170891,169170,1199696,60809,6206,559346
6071,2020,8523,178086,174954,1216367,68404,6333,572104
6073,2010,28498,662649,296023,1988801,183253,27345,3012254
6073,2011,14362,339557,147850,1023818,99751,13918,1496184
6073,2012,13972,347734,147538,1051705,107668,13541,1486942
6073,2013,13710,356293,146376,1079391,117067,13331,1471101
6073,2014,13474,365412,145191,1108369,126938,13107,1455997
6073,2015,13127,372632,143763,1132010,135325,12810,1438704
6073,2016,12772,378583,142512,1152228,142209,12544,1422669
6073,2017,12776,382858,141868,1168500,146630,12642,1410839
6073,2018,12804,386449,142086,1183845,149190,12807,1406169
6073,2019,12729,387794,141684,1192943,150789,12788,1395545
6073,2020,12969,403718,146306,1227373,167239,13133,1436459
6075,2010,3746,535980,94437,244444,49789,6390,680394
6075,2011,1894,272617,47388,124459,27344,3279,342197
6075,2012,1861,277623,47538,126678,29792,3284,344692
6075,2013,1841,281773,47412,128312,32516,3301,345156
6075,2014,1813,285764,47249,129736,35325,3324,345263
6075,2015,1793,289723,47111,131209,37843,3365,345993
6075,2016,1766,292783,46874,132356,39931,3354,346482
6075,2017,1746,295191,46651,133219,41308,3396,347368
6075,2018,1726,296586,46351,133867,42010,3402,348396
6075,2019,1680,296554,45887,134009,42492,3407,348176
6075,2020,1602,295849,45390,135806,45443,3302,345374
6077,2010,6480,192219,98023,535034,41493,6780,493862
6077,2011,3271,99722,49659,276558,21834,3462,241243
6077,2012,3199,102848,50076,284218,22750,3685,235215
6077,2013,3138,106461,50411,292406,23807,3849,227480
6077,2014,3117,111027,51159,303029,25063,4080,221023
6077,2015,3081,115252,51879,313046,26219,4282,215652
6077,2016,3075,118978,52523,322288,27244,4498,211208
6077,2017,3069,122061,53155,330601,28071,4562,208787
6077,2018,3050,124350,53670,337517,28665,4621,207880
6077,2019,3073,126854,54313,345147,29277,4698,207721
6077,2020,3200,136341,57311,343100,34090,5169,217790
6079,2010,2774,16436,10793,112334,12089,708,384107
6079,2011,1392,8533,5390,58671,6924,354,190429
6079,2012,1339,8835,5173,61395,7781,355,189819
6079,2013,1303,9118,5024,63988,8729,355,187501
6079,2014,1273,9462,4920,66994,9784,359,186095
6079,2015,1243,9753,4822,69270,10633,361,183718
6079,2016,1214,10000,4731,71558,11393,362,182423
6079,2017,1189,10104,4726,73034,11837,357,180856
6079,2018,1172,10115,4724,74253,12074,357,180257
6079,2019,1144,9985,4675,75218,12241,348,179006
6079,2020,1164,10101,4537,76477,13608,340,185133
6081,2010,2306,356156,38033,365359,45390,20504,611872
6081,2011,1171,186503,19042,181400,24924,10455,306074
6081,2012,1202,195781,18741,180267,27177,10329,307307
6081,2013,1205,205380,18390,176733,29700,10127,306706
6081,2014,1229,215078,18059,172651,32276,10049,305674
6081,2015,1259,223895,17763,169223,34575,9939,304830
6081,2016,1250,230648,17279,165879,36370,9730,302914
6081,2017,1209,235118,17151,163907,37469,9762,300985
6081,2018,1184,237746,16969,163564,37958,9821,299469
6081,2019,1158,239748,16750,163058,38286,9861,297451
6081,2020,1029,229624,14886,173207,38976,9153,279397
6083,2010,3734,39709,14628,364087,17145,1394,407243
6083,2011,1857,20496,7275,185850,9408,704,200081
6083,2012,1856,21224,7089,190917,10262,674,198210
6083,2013,1850,22057,6991,195963,11286,669,195605
6083,2014,1841,22935,6886,200917,12327,668,192847
6083,2015,1841,23732,6774,205608,13261,665,190307
6083,2016,1815,24310,6612,209346,13983,661,187550
6083,2017,1802,24679,6579,212504,14434,627,185176
6083,2018,1772,24848,6541,215572,14632,605,183696
6083,2019,1747,24914,6511,218364,14777,577,181925
6083,2020,1771,25652,6522,223232,16397,550,186607
6085,2010,8197,1144686,85672,960130,99822,12890,1261090
6085,2011,4144,600318,43449,479318,53407,6584,628107
6085,2012,4004,628391,43946,477380,56749,6533,625695
6085,2013,3921,660677,44320,471063,60720,6498,620733
6085,2014,3815,693328,44642,463438,64741,6487,614877
6085,2015,3715,723419,44948,457366,68383,6494,610132
6085,2016,3598,745951,44963,450821,71087,6402,603092
6085,2017,3561,761053,44897,447316,72733,6417,596970
6085,2018,3559,769772,44806,447426,73441,6467,592514
6085,2019,3520,775234,44622,446522,73780,6496,586347
6085,2020,3293,758930,42542,456593,78263,6106,561613
6087,2010,2000,21608,4677,168736,13600,606,313982
6087,2011,1014,11144,2361,87520,7597,307,155989
6087,2012,993,11396,2476,90248,8312,317,154783
6087,2013,987,11700,2593,93247,9174,327,153292
6087,2014,977,11966,2651,95591,10032,331,150838
6087,2015,977,12279,2750,98250,10833,337,149336
6087,2016,956,12468,2825,100124,11435,339,147305
6087,2017,915,12472,2762,101178,11776,330,145306
6087,2018,894,12317,2707,101802,11867,325,143615
6087,2019,866,11995,2672,102433,11910,324,141982
6087,2020,865,12205,2881,100149,13305,300,147034
6089,2010,8342,8745,2906,30022,11796,468,292432
6089,2011,4253,4482,1481,16833,6133,245,144917
6089,2012,4136,4707,1553,18419,7331,257,142938
6089,2013,4095,4920,1614,20457,8274,270,140674
6089,2014,4032,5106,1687,22544,9198,275,138212
6089,2015,3946,5301,1719,24234,10039,284,135289
6089,2016,3833,5444,1752,25601,10823,304,132530
6089,2017,3879,5519,1767,26728,10996,298,131908
6089,2018,3881,5577,1761,27344,11060,291,131558
6089,2019,3862,5590,1730,27817,11112,291,130985
6089,2020,4064,5921,1773,27391,12523,340,137931
6091,2010,85,24,10,544,108,6,5699
6091,2011,43,12,5,283,56,3,2835
6091,2012,37,12,5,339,71,3,2767
6091,2013,34,12,5,384,83,3,2709
6091,2014,40,13,5,435,93,3,2631
6091,2015,37,12,5,482,110,3,2564
6091,2016,42,12,4,518,120,2,2522
6091,2017,40,12,5,518,123,2,2533
6091,2018,43,13,5,510,122,3,2536
6091,2019,44,14,5,498,125,3,2544
6091,2020,18,7,7,470,186,1,2615
6093,2010,3126,1093,1103,9291,3620,146,71380
6093,2011,1594,566,557,4852,1880,74,35389
6093,2012,1606,636,552,5403,2067,70,34575
6093,2013,1634,687,548,5863,2227,71,33790
6093,2014,1677,743,550,6311,2407,74,33039
6093,2015,1705,792,549,6735,2557,72,32245
6093,2016,1692,846,551,7183,2721,75,31486
6093,2017,1674,838,527,7263,2734,75,31279
6093,2018,1668,829,492,7344,2731,75,31166
6093,2019,1662,809,462,7428,2753,74,31005
6093,2020,1791,914,489,7323,3102,37,32308
6095,2010,3810,119143,118772,199249,40649,6657,338261
6095,2011,1921,60651,59363,103589,21332,3399,166669
6095,2012,1836,61817,59381,107617,22286,3435,164607
6095,2013,1818,63198,59292,112357,23427,3508,161987
6095,2014,1786,64734,59281,117491,24639,3570,159652
6095,2015,1763,66074,59200,122036,25714,3644,157471
6095,2016,1733,67379,59242,126358,26724,3744,156044
6095,2017,1717,68410,59356,129742,27490,3793,155213
6095,2018,1700,69076,59473,132113,28005,3826,154898
6095,2019,1682,69625,59544,134208,28448,3829,154365
6095,2020,1642,71612,60745,132112,30816,3838,156799
6097,2010,7246,36065,13669,241388,25128,2939,641457
6097,2011,3668,18798,6905,124016,14134,1505,318507
6097,2012,3568,19467,7091,126883,15607,1563,316219
6097,2013,3516,20310,7283,130313,17487,1655,314288
6097,2014,3474,21130,7473,133401,19398,1726,311549
6097,2015,3406,21827,7615,136123,21106,1787,308689
6097,2016,3338,22390,7738,138533,22452,1855,305683
6097,2017,3334,22716,7696,140125,23246,1829,302165
6097,2018,3252,22709,7594,140565,23416,1786,297547
6097,2019,3215,22674,7492,140929,23542,1760,293056
6097,2020,3093,22507,7174,141242,24609,1748,288342
6099,2010,5829,50526,26445,433200,25914,6486,482588
6099,2011,2909,26145,13271,224041,13868,3276,235831
6099,2012,2844,26981,13364,231782,14722,3402,230742
6099,2013,2802,27881,13349,239891,15685,3479,223925
6099,2014,2769,28783,13370,248276,16657,3569,216908
6099,2015,2738,29686,13472,256942,17575,3672,211351
6099,2016,2706,30523,13565,265080,18353,3777,206852
6099,2017,2679,31222,13671,272002,18904,3779,204242
6099,2018,2658,31575,13668,276333,19169,3761,202380
6099,2019,2620,31851,13646,279999,19355,3728,200367
6099,2020,2655,33803,14417,279635,22458,4018,209939
6101,2010,1868,27689,3483,54736,5606,548,95651
6101,2011,931,13828,1731,28507,2831,277,46423
6101,2012,910,14319,1700,29549,3052,273,45013
6101,2013,912,14924,1731,31094,3270,286,43692
6101,2014,878,15005,1675,32172,3390,270,41827
6101,2015,881,15504,1685,33442,3557,278,40497
6101,2016,881,15973,1671,34587,3767,285,39353
6101,2017,860,16279,1696,35812,3826,288,39010
6101,2018,846,16702,1702,36854,3920,285,39025
6101,2019,841,17184,1720,37909,4021,288,39083
6101,2020,884,18527,1795,36890,5170,294,41733
6103,2010,2439,1269,718,27909,3203,130,91181
6103,2011,1223,639,359,14753,1647,64,44566
6103,2012,1223,694,364,15429,1958,68,43456
6103,2013,1214,733,372,16216,2203,70,42213
6103,2014,1199,788,377,17120,2453,70,41154
6103,2015,1232,833,385,17959,2741,70,40289
6103,2016,1243,889,402,18747,2999,73,39646
6103,2017,1204,875,382,19380,3008,73,39219
6103,2018,1171,865,371,19866,3060,74,39161
6103,2019,1153,870,365,20454,3089,73,39308
6103,2020,1206,1007,406,20082,3569,103,41670
6105,2010,1115,236,95,1934,1137,32,23058
6105,2011,560,175,48,994,589,16,11495
6105,2012,529,589,48,1020,671,19,11111
6105,2013,521,856,47,1067,706,19,10842
6105,2014,517,1116,43,1101,792,18,10564
6105,2015,504,1342,50,1130,834,18,10350
6105,2016,511,1631,46,1202,931,20,10499
6105,2017,510,1698,47,1254,945,19,11025
6105,2018,500,1701,49,1254,946,19,11285
6105,2019,487,1733,50,1274,962,17,11531
6105,2020,416,2284,67,1150,977,24,11449
6107,2010,6705,28787,11111,537247,11459,778,288435
6107,2011,3382,14517,5579,277363,5895,402,140134
6107,2012,3286,14346,5365,285233,6454,411,136019
6107,2013,3224,14229,5210,293190,6854,418,130640
6107,2014,3175,14119,5075,301398,7271,432,125088
6107,2015,3112,14009,4952,309420,7724,449,120269
6107,2016,3038,13845,4785,315962,8169,458,115966
6107,2017,3038,13934,4805,321739,8186,444,113197
6107,2018,3016,13940,4767,325747,8172,439,111575
6107,2019,3019,14000,4761,329963,8203,430,110243
6107,2020,3498,16211,5389,343655,10769,520,126399
6109,2010,1669,1103,2353,11892,2643,125,90893
6109,2011,848,571,1187,6182,1420,67,45078
6109,2012,819,600,1114,6611,1696,75,43723
6109,2013,838,645,1119,7279,2019,80,43341
6109,2014,827,685,1109,7725,2267,81,42401
6109,2015,817,721,1094,8229,2530,83,41630
6109,2016,817,765,1096,8670,2807,90,40917
6109,2017,801,756,1091,8757,2789,93,40745
6109,2018,788,743,1090,8905,2835,95,40855
6109,2019,773,728,1090,9008,2849,95,40773
6109,2020,820,773,1028,8932,3268,115,42667
6111,2010,4840,109718,26554,664723,35633,2763,804096
6111,2011,2431,56378,13401,340362,19623,1412,398940
6111,2012,2368,57570,13554,346425,21255,1414,394747
6111,2013,2323,59018,13748,353002,23309,1449,389926
6111,2014,2296,60395,13905,359074,25406,1454,384436
6111,2015,2276,61557,14043,364389,27234,1468,379071
6111,2016,2235,62372,14137,368167,28685,1484,373147
6111,2017,2150,62893,14059,371299,29573,1463,368542
6111,2018,2110,63118,13990,373887,29921,1450,365047
6111,2019,2046,63037,13814,374820,30065,1411,360281
6111,2020,2028,63988,13885,389886,32862,1436,364130
6113,2010,2232,52079,9678,122732,13089,1771,201771
6113,2011,1118,26406,4819,63650,7045,897,98819
6113,2012,1068,26998,4941,66345,7557,943,97286
6113,2013,1041,27690,4994,69036,8104,980,94878
6113,2014,1012,28471,5011,71461,8637,1004,92112
6113,2015,984,29416,5069,74048,9151,1044,90181
6113,2016,957,30365,5214,76778,9671,1083,89156
6113,2017,951,30811,5220,78627,9967,1082,88414
6113,2018,926,30714,5250,80069,10110,1071,88334
6113,2019,892,29823,5183,81119,10153,1046,87857
6113,2020,967,30190,5787,83154,11885,1178,94890
6115,2010,2545,9493,4299,36364,6308,546,85008
6115,2011,1286,4816,2175,19642,3240,278,41703
6115,2012,1177,4733,2199,20957,3574,287,40794
6115,2013,1112,4679,2221,22471,3854,293,39507
6115,2014,1054,4646,2278,24143,4123,300,38333
6115,2015,1000,4669,2290,25659,4435,312,37383
6115,2016,965,4644,2361,27057,4719,325,36711
6115,2017,942,4726,2344,28297,4853,336,36683
6115,2018,935,4756,2371,29050,4889,327,36715
6115,2019,940,4886,2386,29854,4955,325,36904
6115,2020,1061,5606,2866,29095,6028,369,42122
