County,FIPS,Longitude,Latitude,Consortium,Year,Elderly CalFresh,Age 18-59 CalFresh,Children CalFresh,ESL CalFresh,WIC Recipients Reachable,Pct Receiving WIC,Total Population,Elderly Population,Children Population,ESL Population,SSI Recipients
Alameda,US-06001,-121.7871814,37.680185,CalWIN,2014,8668,59357,61616,40005.0,,,1599685,291375,342632,139309.0,47823.0
Alpine,US-06003,-120.0354892,38.6301005,C-IV,2014,14,122,60,0.0,,,1163,353,223,23.0,39.0
Amador,US-06005,-120.238969,38.46328,C-IV,2014,227,1907,1261,97.0,,,37447,12635,5905,559.0,696.0
Butte,US-06007,-121.5660076,39.723785,C-IV,2014,1414,17170,13224,2689.0,,,223899,52958,45701,5637.0,10866.0
Calaveras,US-06009,-120.6039732,38.1711345,C-IV,2014,404,3021,1846,130.0,,,45009,15672,7781,598.0,1056.0
Colusa,US-06011,-122.4386143,39.169245,C-IV,2014,76,701,1007,559.0,,,22139,4164,6179,3111.0,563.0
Contra Costa,US-06013,-121.717604,37.888418,CalWIN,2014,3571,32543,37059,16216.0,,,1102941,226850,253077,68215.0,24288.0
Del Norte,US-06015,-123.719458,41.6908155,C-IV,2014,212,2800,2197,223.0,,,27235,6214,5853,725.0,1816.0
El Dorado,US-06017,-120.4259625,38.78496,C-IV,2014,887,7138,4858,900.0,,,182547,47296,37694,3522.0,2851.0
Fresno,US-06019,-120.862059,36.74633,CalWIN,2014,6644,100050,126245,61169.0,,,969410,152453,278353,109792.0,41053.0
Glenn,US-06021,-122.1147288,39.591764,C-IV,2014,137,1614,2000,775.0,,,28828,5854,7616,2410.0,1111.0
Humboldt,US-06023,-123.959972,40.73356,C-IV,2014,1011,10845,7621,900.0,,,134730,30815,27489,2266.0,5545.0
Imperial,US-06025,-115.058652,33.02615,C-IV,2014,1984,18742,20513,21382.0,,,183179,29728,53679,33803.0,10238.0
Inyo,US-06027,-117.7797286,36.626,C-IV,2014,138,1054,949,290.0,,,18626,5425,3891,510.0,402.0
Kern,US-06029,-118.4426011,35.29441,C-IV,2014,4640,61310,84788,37256.0,,,876668,127006,254635,79181.0,31592.0
Kings,US-06031,-119.6135104,36.138775,C-IV,2014,724,10647,12818,5750.0,,,149433,20063,44777,15306.0,4635.0
Lake,US-06033,-122.9624445,39.124455,C-IV,2014,681,5882,4736,824.0,,,65191,18389,13546,1951.0,3663.0
Lassen,US-06035,-120.2636913,40.446085,C-IV,2014,135,1677,1376,69.0,,,31841,6465,5544,712.0,880.0
Los Angeles,US-06037,-117.9879672,34.26394,LRS,2014,54376,515613,629908,446111.0,,,10124684,1771668,2332873,1394350.0,389765.0
Madera,US-06039,-119.84174,37.27052,C-IV,2014,722,10928,17461,10124.0,,,154181,27787,42541,20778.0,4505.0
Marin,US-06041,-122.870429,38.068145,C-IV,2014,1048,4650,4938,3796.0,,,261033,71692,52956,11871.0,3034.0
Mariposa,US-06043,-119.6495595,37.543615,C-IV,2014,155,1111,718,44.0,,,18127,6151,2984,199.0,454.0
Mendocino,US-06045,-123.5709822,39.380655,C-IV,2014,875,7537,5810,1921.0,,,88523,23550,19209,4690.0,3145.0
Merced,US-06047,-120.1246993,37.18687,C-IV,2014,1691,24535,32106,15819.0,,,267714,39044,79731,33521.0,10825.0
Modoc,US-06049,-120.1993372,41.590546,C-IV,2014,30,537,448,61.0,,,9564,3011,1868,353.0,421.0
Mono,US-06051,-118.7402371,38.0878955,C-IV,2014,46,487,342,216.0,,,13924,2537,2892,1069.0,100.0
Monterey,US-06053,-120.9044897,36.35433,C-IV,2014,2049,16701,30673,22091.0,,,429797,74649,112780,74856.0,8488.0
Napa,US-06055,-122.5128064,38.509635,C-IV,2014,405,2975,4107,2903.0,,,140646,32606,30516,11600.0,2118.0
Nevada,US-06057,-120.3163119,39.266135,C-IV,2014,579,4462,2934,274.0,,,98354,32223,17032,1472.0,1796.0
Orange,US-06059,-117.8002615,33.66707,CalWIN,2014,16507,95253,139965,115464.0,,,3137744,580776,730630,325313.0,68202.0
Placer,US-06061,-120.7858989,39.013999,CalWIN,2014,1321,9324,7662,2015.0,,,368211,89717,80369,6222.0,5087.0
Plumas,US-06063,-121.1037321,40.0234855,C-IV,2014,102,1062,718,20.0,,,19692,6932,3284,202.0,651.0
Riverside,US-06065,-115.0250859,33.752845,C-IV,2014,12690,128014,152467,66413.0,,,2305796,419886,603376,172588.0,57657.0
Sacramento,US-06067,-121.1505311,38.383079,CalWIN,2014,8287,106471,104684,48228.0,,,1473817,264209,360017,94516.0,62271.0
San Benito,US-06069,-121.2131455,36.5928495,C-IV,2014,271,2614,3309,1799.0,,,57166,9780,15000,5516.0,899.0
San Bernardino,US-06071,-116.6760973,34.840011,C-IV,2014,15915,178040,198181,71716.0,,,2111913,317699,580241,164799.0,68029.0
San Diego,US-06073,-116.693716,33.019645,CalWIN,2014,17845,130550,135621,98590.0,,,3248547,589848,765993,228246.0,76554.0
San Francisco,US-06075,-122.4847727,37.759845,CalWIN,2014,6253,26661,19297,20731.0,,,853732,177396,118492,103652.0,37503.0
San Joaquin,US-06077,-120.9449271,37.889845,C-IV,2014,4280,52406,63441,24298.0,,,717238,117817,198115,65961.0,27296.0
San Luis Obispo,US-06079,-120.1080592,35.34633,CalWIN,2014,1310,9016,8231,3388.0,,,276075,70143,50276,10622.0,4290.0
San Mateo,US-06081,-122.2406398,37.407705,CalWIN,2014,3303,11791,17299,14317.0,,,756371,160063,160673,55943.0,10783.0
Santa Barbara,US-06083,-120.0351675,34.743715,CalWIN,2014,1419,13097,20996,13549.0,,,440129,83614,99407,43550.0,8393.0
Santa Clara,US-06085,-121.6161794,37.18939,CalWIN,2014,8931,48160,57533,49374.0,,,1890929,334303,439382,174224.0,43472.0
Santa Cruz,US-06087,-122.0401593,37.06834,CalWIN,2014,1675,10125,11770,8592.0,,,271689,55572,57295,23557.0,5038.0
Shasta,US-06089,-122.0883555,40.735175,C-IV,2014,1116,13775,10301,467.0,,,179251,46492,38313,2491.0,9289.0
Sierra,US-06091,-120.0617973,39.58418,C-IV,2014,36,173,88,,,,3161,1178,480,89.0,89.0
Siskiyou,US-06093,-122.5559892,41.5008525,C-IV,2014,386,3665,2912,187.0,,,44606,14051,8882,717.0,2431.0
Solano,US-06095,-121.6688337,38.2894915,CalWIN,2014,2244,21685,20471,6819.0,,,425430,84440,100040,18343.0,11752.0
Sonoma,US-06097,-122.7518161,38.481733,CalWIN,2014,2785,15991,17385,10614.0,,,497908,120571,101026,25983.0,8488.0
Stanislaus,US-06099,-120.8981857,37.606095,C-IV,2014,3532,44033,46379,18159.0,,,531720,89493,144174,48829.0,20165.0
Sutter,US-06101,-121.714735,39.02038,C-IV,2014,432,6090,6723,2403.0,,,97101,18516,25359,8544.0,3793.0
Tehama,US-06103,-122.6595518,40.125305,C-IV,2014,446,5518,5300,1291.0,,,63845,15194,15479,2345.0,3106.0
Trinity,US-06105,-123.5069171,40.672495,C-IV,2014,110,1145,639,,,,13613,4741,2249,49.0,656.0
Tulare,US-06107,-119.0889841,36.266965,CalWIN,2014,4540,50844,67798,39775.0,,,459831,68978,144183,63244.0,17865.0
Tuolumne,US-06109,-120.0954221,38.03354,C-IV,2014,371,3195,2080,75.0,,,54683,17898,9070,628.0,1639.0
Ventura,US-06111,-119.0838699,34.47326,CalWIN,2014,4506,30346,38414,26383.0,,,847885,162970,203510,75693.0,14875.0
Yolo,US-06113,-121.9008022,38.619495,CalWIN,2014,1000,9126,8677,5091.0,,,209834,33974,46905,11918.0,5314.0
Yuba,US-06115,-121.499162,39.278915,C-IV,2014,390,6695,6511,1543.0,,,74975,12253,21478,4010.0,3734.0
Statewide,,,,,2015,247589,2045672,2293850,1348582.0,,,39059809,7399216,9204564,3780285.0,1187073.0
Alameda,US-06001,-121.7871814,37.680185,CalWIN,2015,9811,58380,59282,40056.0,,,1619679,304508,344053,136922.0,47331.0
Alpine,US-06003,-120.0354892,38.6301005,C-IV,2015,14,107,59,0.0,,,1157,373,217,13.0,39.0
Amador,US-06005,-120.238969,38.46328,C-IV,2015,268,1979,1298,109.0,,,37314,12900,5814,411.0,688.0
Butte,US-06007,-121.5660076,39.723785,C-IV,2015,1688,18237,13292,2552.0,,,224363,54238,45626,5020.0,10733.0
Calaveras,US-06009,-120.6039732,38.1711345,C-IV,2015,522,3130,1914,128.0,,,44899,16053,7567,331.0,1057.0
Colusa,US-06011,-122.4386143,39.169245,C-IV,2015,91,623,890,462.0,,,22271,4316,6137,2864.0,561.0
Contra Costa,US-06013,-121.717604,37.888418,CalWIN,2015,4266,33201,36931,16309.0,,,1116882,237699,252327,74992.0,24238.0
Del Norte,US-06015,-123.719458,41.6908155,C-IV,2015,215,2807,2197,215.0,,,27119,6419,5776,654.0,1797.0
El Dorado,US-06017,-120.4259625,38.78496,C-IV,2015,1017,7646,5113,870.0,,,183140,49149,37127,3365.0,2871.0
Fresno,US-06019,-120.862059,36.74633,CalWIN,2015,7766,104163,127914,61125.0,,,979357,158226,279388,107436.0,41165.0
Glenn,US-06021,-122.1147288,39.591764,C-IV,2015,146,1667,1990,735.0,,,28960,6024,7599,2525.0,1106.0
Humboldt,US-06023,-123.959972,40.73356,C-IV,2015,1252,12427,7848,931.0,,,135090,31797,27497,2396.0,5488.0
Imperial,US-06025,-115.058652,33.02615,C-IV,2015,2416,20726,21617,23414.0,,,185328,30862,53999,33949.0,10128.0
Inyo,US-06027,-117.7797286,36.626,C-IV,2015,148,1058,911,266.0,,,18640,5554,3865,495.0,394.0
Kern,US-06029,-118.4426011,35.29441,C-IV,2015,5815,69041,89787,38114.0,,,883327,132102,254777,87761.0,31341.0
Kings,US-06031,-119.6135104,36.138775,C-IV,2015,890,11318,13206,5889.0,,,149702,20873,45340,13818.0,4579.0
Lake,US-06033,-122.9624445,39.124455,C-IV,2015,851,6551,4973,893.0,,,65180,18831,13497,2109.0,3675.0
Lassen,US-06035,-120.2636913,40.446085,C-IV,2015,143,1734,1425,61.0,,,30969,6731,5429,650.0,883.0
Los Angeles,US-06037,-117.9879672,34.26394,LRS,2015,60495,522881,612716,434702.0,,,10185487,1846906,2319368,1352159.0,386663.0
Madera,US-06039,-119.84174,37.27052,C-IV,2015,853,11501,17828,10136.0,,,154956,28618,42496,20134.0,4530.0
Marin,US-06041,-122.870429,38.068145,C-IV,2015,1245,4845,5016,4041.0,,,262105,73899,52796,11168.0,2913.0
Mariposa,US-06043,-119.6495595,37.543615,C-IV,2015,198,1196,786,41.0,,,18088,6333,2918,233.0,451.0
Mendocino,US-06045,-123.5709822,39.380655,C-IV,2015,892,7158,5661,1813.0,,,88429,24106,19113,4327.0,3087.0
Merced,US-06047,-120.1246993,37.18687,C-IV,2015,2053,25525,32648,15791.0,,,269729,40359,79613,36937.0,10774.0
Modoc,US-06049,-120.1993372,41.590546,C-IV,2015,45,497,443,39.0,,,9507,3069,1828,308.0,419.0
Mono,US-06051,-118.7402371,38.0878955,C-IV,2015,50,470,351,212.0,,,13818,2647,2862,1021.0,99.0
Monterey,US-06053,-120.9044897,36.35433,C-IV,2015,2416,18095,31750,23373.0,,,436242,77866,113520,80174.0,8376.0
Napa,US-06055,-122.5128064,38.509635,C-IV,2015,441,3134,4130,2947.0,,,141546,33624,30174,11332.0,2093.0
Nevada,US-06057,-120.3163119,39.266135,C-IV,2015,662,4452,2895,280.0,,,98190,33078,16697,1252.0,1806.0
Orange,US-06059,-117.8002615,33.66707,CalWIN,2015,18936,102424,141215,117427.0,,,3161218,604466,728580,331979.0,68296.0
Placer,US-06061,-120.7858989,39.013999,CalWIN,2015,1517,9273,7520,1899.0,,,370738,92963,78707,9998.0,5127.0
Plumas,US-06063,-121.1037321,40.0234855,C-IV,2015,131,1157,769,39.0,,,19586,7101,3236,197.0,656.0
Riverside,US-06065,-115.0250859,33.752845,C-IV,2015,14635,135095,154733,66547.0,,,2329256,437865,599727,190180.0,58059.0
Sacramento,US-06067,-121.1505311,38.383079,CalWIN,2015,9586,111012,104370,48606.0,,,1489952,274958,360331,93427.0,62730.0
San Benito,US-06069,-121.2131455,36.5928495,C-IV,2015,310,2688,3222,1760.0,,,57584,10257,14800,5268.0,900.0
San Bernardino,US-06071,-116.6760973,34.840011,C-IV,2015,18789,187298,201521,71699.0,,,2129851,332066,579387,168647.0,68072.0
San Diego,US-06073,-116.693716,33.019645,CalWIN,2015,21309,141245,139244,102557.0,,,3275084,613778,772594,231525.0,76341.0
San Francisco,US-06075,-122.4847727,37.759845,CalWIN,2015,6983,27846,19320,21618.0,,,863108,183363,121514,100767.0,37327.0
San Joaquin,US-06077,-120.9449271,37.889845,C-IV,2015,5030,55281,64478,24104.0,,,727547,123054,198377,63826.0,27357.0
San Luis Obispo,US-06079,-120.1080592,35.34633,CalWIN,2015,1443,9512,8334,3385.0,,,276844,73091,49981,10271.0,4209.0
San Mateo,US-06081,-122.2406398,37.407705,CalWIN,2015,3523,12023,17117,14437.0,,,764379,166867,161548,58320.0,10434.0
Santa Barbara,US-06083,-120.0351675,34.743715,CalWIN,2015,1754,14238,21903,14578.0,,,444900,86387,100349,48492.0,8191.0
Santa Clara,US-06085,-121.6161794,37.18939,CalWIN,2015,9780,47649,54927,48326.0,,,1915102,350400,442255,176469.0,42694.0
Santa Cruz,US-06087,-122.0401593,37.06834,CalWIN,2015,2023,11558,12562,9634.0,,,274697,58383,57881,21297.0,4931.0
Shasta,US-06089,-122.0883555,40.735175,C-IV,2015,1342,14396,10429,500.0,,,178777,47459,37929,2477.0,9252.0
Sierra,US-06091,-120.0617973,39.58418,C-IV,2015,35,204,93,,,,3147,1199,469,36.0,85.0
Siskiyou,US-06093,-122.5559892,41.5008525,C-IV,2015,414,3801,2949,192.0,,,44500,14392,8777,661.0,2389.0
Solano,US-06095,-121.6688337,38.2894915,CalWIN,2015,2537,22766,20554,6980.0,,,429267,88191,100373,21251.0,11654.0
Sonoma,US-06097,-122.7518161,38.481733,CalWIN,2015,3199,16968,17640,10913.0,,,501182,125873,99911,29579.0,8388.0
Stanislaus,US-06099,-120.8981857,37.606095,C-IV,2015,4006,45098,46331,17652.0,,,538372,93026,144320,48625.0,19884.0
Sutter,US-06101,-121.714735,39.02038,C-IV,2015,503,6155,6729,2323.0,,,97618,19092,25208,8773.0,3793.0
Tehama,US-06103,-122.6595518,40.125305,C-IV,2015,468,5327,5161,1273.0,,,63970,15536,15464,2169.0,3068.0
Trinity,US-06105,-123.5069171,40.672495,C-IV,2015,119,1155,639,,,,13562,4842,2195,100.0,643.0
Tulare,US-06107,-119.0889841,36.266965,CalWIN,2015,5048,53491,69084,41179.0,,,463291,71023,144018,58345.0,17848.0
Tuolumne,US-06109,-120.0954221,38.03354,C-IV,2015,456,3348,2063,90.0,,,54525,18311,8920,577.0,1615.0
Ventura,US-06111,-119.0838699,34.47326,CalWIN,2015,5305,32599,40201,28284.0,,,852013,170129,201282,85361.0,14875.0
Yolo,US-06113,-121.9008022,38.619495,CalWIN,2015,1268,10532,9376,5571.0,,,212686,35269,47469,13104.0,5260.0
Yuba,US-06115,-121.499162,39.278915,C-IV,2015,471,6984,6495,1485.0,,,75579,12715,21542,3808.0,3710.0
Statewide,,,,,2016,275731,1953549,2130350,1269610.0,148957.0,,39354432,7672542,9197902,3750777.0,1171401.0
Alameda,US-06001,-121.7871814,37.680185,CalWIN,2016,10695,54015,54246,37866.0,4039.0,0.647727979,1637712,316180,345421,142005.0,46141.0
Alpine,US-06003,-120.0354892,38.6301005,C-IV,2016,15,90,45,0.0,,,1148,378,208,11.0,34.0
Amador,US-06005,-120.238969,38.46328,C-IV,2016,293,1848,1235,100.0,80.0,0.620772947,37191,12901,5644,570.0,677.0
Butte,US-06007,-121.5660076,39.723785,C-IV,2016,1940,18169,12890,2410.0,748.0,0.629648116,225125,55290,45620,7445.0,10550.0
Calaveras,US-06009,-120.6039732,38.1711345,C-IV,2016,572,2926,1790,105.0,84.0,0.606060606,44791,16474,7363,277.0,1015.0
Colusa,US-06011,-122.4386143,39.169245,C-IV,2016,114,574,811,393.0,48.0,0.711297071,22408,4434,6116,2893.0,552.0
Contra Costa,US-06013,-121.717604,37.888418,CalWIN,2016,4727,30804,34519,15305.0,3229.0,0.538284619,1129894,247789,251595,74586.0,23841.0
Del Norte,US-06015,-123.719458,41.6908155,C-IV,2016,287,2881,2186,189.0,136.0,0.696551724,27040,6661,5824,537.0,1779.0
El Dorado,US-06017,-120.4259625,38.78496,C-IV,2016,1149,7202,4816,844.0,258.0,0.568442347,184180,51087,36645,3406.0,2862.0
Fresno,US-06019,-120.862059,36.74633,CalWIN,2016,8599,102071,125061,57671.0,5748.0,0.761550075,989183,163512,279928,112485.0,41294.0
Glenn,US-06021,-122.1147288,39.591764,C-IV,2016,187,1654,1972,742.0,117.0,0.750793651,29073,6207,7528,2761.0,1081.0
Humboldt,US-06023,-123.959972,40.73356,C-IV,2016,1455,12589,7512,908.0,426.0,0.589486356,136086,32838,27690,2230.0,5383.0
Imperial,US-06025,-115.058652,33.02615,C-IV,2016,2792,19828,20597,22382.0,812.0,0.634608872,187157,32050,54372,34100.0,9999.0
Inyo,US-06027,-117.7797286,36.626,C-IV,2016,174,1050,853,224.0,61.0,0.721649485,18649,5699,3867,451.0,382.0
Kern,US-06029,-118.4426011,35.29441,C-IV,2016,6955,70514,89636,37205.0,6086.0,0.741666667,888994,136623,254735,83111.0,30848.0
Kings,US-06031,-119.6135104,36.138775,C-IV,2016,988,10922,12811,5807.0,877.0,0.719566289,149407,21381,45432,13525.0,4567.0
Lake,US-06033,-122.9624445,39.124455,C-IV,2016,1054,6702,4898,992.0,313.0,0.670349908,65128,19175,13526,2348.0,3660.0
Lassen,US-06035,-120.2636913,40.446085,C-IV,2016,168,1712,1355,63.0,90.0,0.635983264,30645,6887,5308,633.0,881.0
Los Angeles,US-06037,-117.9879672,34.26394,LRS,2016,65695,489436,521779,391688.0,51194.0,0.747201878,10229245,1915495,2304521,1343973.0,381016.0
Madera,US-06039,-119.84174,37.27052,C-IV,2016,985,10929,17426,9932.0,975.0,0.737387942,155693,29376,42383,19819.0,4480.0
Marin,US-06041,-122.870429,38.068145,C-IV,2016,1268,4468,4745,4064.0,295.0,0.578982155,263257,76036,52612,10590.0,2796.0
Mariposa,US-06043,-119.6495595,37.543615,C-IV,2016,215,1133,698,41.0,42.0,0.669724771,18055,6483,2887,193.0,427.0
Mendocino,US-06045,-123.5709822,39.380655,C-IV,2016,928,6566,5237,1689.0,333.0,0.567476002,88995,24819,19104,4384.0,3066.0
Merced,US-06047,-120.1246993,37.18687,C-IV,2016,2309,23839,31177,14791.0,1760.0,0.723367169,272610,41701,79762,32600.0,10667.0
Modoc,US-06049,-120.1993372,41.590546,C-IV,2016,46,579,499,48.0,15.0,0.602649007,9469,3096,1807,256.0,404.0
Mono,US-06051,-118.7402371,38.0878955,C-IV,2016,65,404,357,194.0,15.0,0.537037037,13785,2795,2848,1013.0,101.0
Monterey,US-06053,-120.9044897,36.35433,C-IV,2016,2774,16209,29652,22216.0,1244.0,0.713618214,441129,80555,114101,82997.0,8101.0
Napa,US-06055,-122.5128064,38.509635,C-IV,2016,561,2946,3968,2829.0,201.0,0.656349206,142269,34640,29835,11745.0,2034.0
Nevada,US-06057,-120.3163119,39.266135,C-IV,2016,778,4419,2695,225.0,169.0,0.489749431,98552,33995,16434,1305.0,1824.0
Orange,US-06059,-117.8002615,33.66707,CalWIN,2016,20825,101850,136659,113097.0,7350.0,0.681085847,3181371,627423,726521,309974.0,67977.0
Placer,US-06061,-120.7858989,39.013999,CalWIN,2016,1653,8983,7085,1882.0,487.0,0.54584121,376092,96940,78000,5842.0,5095.0
Plumas,US-06063,-121.1037321,40.0234855,C-IV,2016,154,1192,730,40.0,49.0,0.624521073,19494,7235,3171,170.0,663.0
Riverside,US-06065,-115.0250859,33.752845,C-IV,2016,16535,128786,145657,63275.0,10479.0,0.639698181,2360727,456965,598756,189787.0,58100.0
Sacramento,US-06067,-121.1505311,38.383079,CalWIN,2016,10622,105972,100084,47168.0,5851.0,0.614490903,1506677,284940,361388,94153.0,62524.0
San Benito,US-06069,-121.2131455,36.5928495,C-IV,2016,350,2369,2888,1596.0,386.0,0.738947368,58014,10729,14569,5252.0,880.0
San Bernardino,US-06071,-116.6760973,34.840011,C-IV,2016,21084,180957,193959,68443.0,11109.0,0.66028086,2147933,346063,579219,167271.0,67508.0
San Diego,US-06073,-116.693716,33.019645,CalWIN,2016,24013,135994,133618,99769.0,11913.0,0.649918312,3300891,637060,780130,238465.0,75424.0
San Francisco,US-06075,-122.4847727,37.759845,CalWIN,2016,8600,27523,18892,22730.0,1229.0,0.580031949,871185,188417,124486,99674.0,36427.0
San Joaquin,US-06077,-120.9449271,37.889845,C-IV,2016,5637,51577,60519,22397.0,3337.0,0.669147353,738873,127720,199204,60196.0,26870.0
San Luis Obispo,US-06079,-120.1080592,35.34633,CalWIN,2016,1559,9132,7974,3280.0,401.0,0.573255814,278917,75907,49961,10287.0,4063.0
San Mateo,US-06081,-122.2406398,37.407705,CalWIN,2016,3684,10858,15490,13095.0,904.0,0.640888523,768122,171899,161747,54522.0,9952.0
Santa Barbara,US-06083,-120.0351675,34.743715,CalWIN,2016,2277,15072,21923,14873.0,1474.0,0.699749687,448353,89021,100705,51832.0,8004.0
Santa Clara,US-06085,-121.6161794,37.18939,CalWIN,2016,10336,43715,50104,44755.0,3295.0,0.594197975,1930215,364511,442750,167482.0,41718.0
Santa Cruz,US-06087,-122.0401593,37.06834,CalWIN,2016,2393,11881,12357,9501.0,863.0,0.661349693,276249,60888,57974,20762.0,4764.0
Shasta,US-06089,-122.0883555,40.735175,C-IV,2016,1506,13777,9672,436.0,727.0,0.677409262,178208,48189,37658,1963.0,9165.0
Sierra,US-06091,-120.0617973,39.58418,C-IV,2016,43,160,71,,,,3140,1228,465,35.0,85.0
Siskiyou,US-06093,-122.5559892,41.5008525,C-IV,2016,493,3597,2798,226.0,155.0,0.636554622,44372,14672,8676,755.0,2380.0
Solano,US-06095,-121.6688337,38.2894915,CalWIN,2016,2927,21221,19429,6797.0,1035.0,0.5419684,434102,92321,100398,22558.0,11385.0
Sonoma,US-06097,-122.7518161,38.481733,CalWIN,2016,3556,15130,16175,10272.0,744.0,0.595316352,503953,130857,98968,26781.0,8201.0
Stanislaus,US-06099,-120.8981857,37.606095,C-IV,2016,4334,41704,42829,16575.0,2341.0,0.586291686,545008,96403,145017,53504.0,19620.0
Sutter,US-06101,-121.714735,39.02038,C-IV,2016,573,6079,6627,2234.0,287.0,0.645255474,98191,19553,25175,9121.0,3760.0
Tehama,US-06103,-122.6595518,40.125305,C-IV,2016,553,4881,4816,1215.0,270.0,0.613484646,64098,15747,15435,2385.0,2998.0
Trinity,US-06105,-123.5069171,40.672495,C-IV,2016,150,1067,571,,33.0,0.645833333,13482,4929,2167,105.0,629.0
Tulare,US-06107,-119.0889841,36.266965,CalWIN,2016,5671,51327,67261,40041.0,2338.0,0.641883399,468235,73460,144339,66725.0,17540.0
Tuolumne,US-06109,-120.0954221,38.03354,C-IV,2016,567,3092,1896,90.0,104.0,0.674121406,54282,18652,8734,483.0,1552.0
Ventura,US-06111,-119.0838699,34.47326,CalWIN,2016,5900,31723,39335,28114.0,1582.0,0.6245,854383,176546,199303,82290.0,14767.0
Yolo,US-06113,-121.9008022,38.619495,CalWIN,2016,1406,10828,9201,5304.0,480.0,0.602506091,216866,36568,48381,12693.0,5184.0
Yuba,US-06115,-121.499162,39.278915,C-IV,2016,542,6623,6264,1460.0,323.0,0.670113754,76129,13142,21489,3461.0,3704.0
Statewide,,,,,2017,293636,1836798,2039249,1179480.0,,,39693627,7958547,9203689,3664918.0,1154130.0
Alameda,US-06001,-121.7871814,37.680185,CalWIN,2017,11104,50519,48679,34447.0,,,1655752,328261,346873,136038.0,45115.0
Alpine,US-06003,-120.0354892,38.6301005,C-IV,2017,14,75,52,0.0,,,1143,398,198,,36.0
Amador,US-06005,-120.238969,38.46328,C-IV,2017,303,1647,1097,71.0,,,37267,13105,5607,414.0,672.0
Butte,US-06007,-121.5660076,39.723785,C-IV,2017,2062,17677,12087,2244.0,,,226478,56416,45689,5035.0,10378.0
Calaveras,US-06009,-120.6039732,38.1711345,C-IV,2017,599,2805,1638,91.0,,,44818,16898,7251,290.0,988.0
Colusa,US-06011,-122.4386143,39.169245,C-IV,2017,116,612,871,405.0,,,22612,4594,6120,2865.0,564.0
Contra Costa,US-06013,-121.717604,37.888418,CalWIN,2017,4737,27961,31871,13710.0,,,1143494,258293,251140,69051.0,23320.0
Del Norte,US-06015,-123.719458,41.6908155,C-IV,2017,298,2838,2174,194.0,,,27063,6800,5811,452.0,1715.0
El Dorado,US-06017,-120.4259625,38.78496,C-IV,2017,1273,6560,4507,752.0,,,185090,53135,36164,3116.0,2823.0
Fresno,US-06019,-120.862059,36.74633,CalWIN,2017,8782,95415,119527,53200.0,,,999902,169283,280718,107477.0,41278.0
Glenn,US-06021,-122.1147288,39.591764,C-IV,2017,210,1552,1711,582.0,,,29204,6352,7482,2921.0,1061.0
Humboldt,US-06023,-123.959972,40.73356,C-IV,2017,1519,12167,7142,883.0,,,136835,33792,27901,2263.0,5236.0
Imperial,US-06025,-115.058652,33.02615,C-IV,2017,3051,19230,20091,21796.0,,,189376,33277,54792,34137.0,9988.0
Inyo,US-06027,-117.7797286,36.626,C-IV,2017,200,964,803,179.0,,,18693,5837,3868,447.0,366.0
Kern,US-06029,-118.4426011,35.29441,C-IV,2017,7901,67421,87057,34717.0,,,897727,141680,255195,84362.0,30862.0
Kings,US-06031,-119.6135104,36.138775,C-IV,2017,1109,10553,12410,5356.0,,,150441,22007,45775,13954.0,4586.0
Lake,US-06033,-122.9624445,39.124455,C-IV,2017,1139,6308,4619,956.0,,,65161,19552,13580,2024.0,3576.0
Lassen,US-06035,-120.2636913,40.446085,C-IV,2017,199,1699,1358,53.0,,,30652,7058,5289,615.0,905.0
Los Angeles,US-06037,-117.9879672,34.26394,LRS,2017,73289,474008,538420,376091.0,,,10288515,1987419,2295832,1332866.0,374280.0
Madera,US-06039,-119.84174,37.27052,C-IV,2017,1038,10261,16653,9131.0,,,157296,30181,42323,19613.0,4467.0
Marin,US-06041,-122.870429,38.068145,C-IV,2017,1341,4205,4444,3839.0,,,264413,78078,52532,9885.0,2720.0
Mariposa,US-06043,-119.6495595,37.543615,C-IV,2017,238,1017,631,41.0,,,18058,6658,2863,166.0,426.0
Mendocino,US-06045,-123.5709822,39.380655,C-IV,2017,1032,6053,4983,1579.0,,,89329,25395,19116,4280.0,3031.0
Merced,US-06047,-120.1246993,37.18687,C-IV,2017,2420,22947,29720,13709.0,,,275926,43155,79909,33572.0,10549.0
Modoc,US-06049,-120.1993372,41.590546,C-IV,2017,66,595,516,37.0,,,9431,3135,1781,274.0,410.0
Mono,US-06051,-118.7402371,38.0878955,C-IV,2017,63,337,289,133.0,,,13827,2967,2836,848.0,97.0
Monterey,US-06053,-120.9044897,36.35433,C-IV,2017,2961,14723,27047,20232.0,,,445408,83304,114577,74195.0,7831.0
Napa,US-06055,-122.5128064,38.509635,C-IV,2017,604,2512,3318,2360.0,,,142898,35591,29466,10671.0,1970.0
Nevada,US-06057,-120.3163119,39.266135,C-IV,2017,843,4013,2471,214.0,,,98847,34886,16217,1160.0,1868.0
Orange,US-06059,-117.8002615,33.66707,CalWIN,2017,21610,94185,124697,101791.0,,,3201395,650820,723961,312733.0,67526.0
Placer,US-06061,-120.7858989,39.013999,CalWIN,2017,1718,8103,6464,1607.0,,,380976,100816,77003,7018.0,5003.0
Plumas,US-06063,-121.1037321,40.0234855,C-IV,2017,174,1148,736,47.0,,,19434,7402,3174,81.0,633.0
Riverside,US-06065,-115.0250859,33.752845,C-IV,2017,17466,120072,135592,55786.0,,,2395487,477592,598978,180207.0,58028.0
Sacramento,US-06067,-121.1505311,38.383079,CalWIN,2017,11247,101425,96865,47124.0,,,1524524,295548,362411,95631.0,61582.0
San Benito,US-06069,-121.2131455,36.5928495,C-IV,2017,335,2022,2599,1366.0,,,58519,11234,14439,5043.0,874.0
San Bernardino,US-06071,-116.6760973,34.840011,C-IV,2017,21239,164951,179841,60407.0,,,2168360,360581,579729,159229.0,66585.0
San Diego,US-06073,-116.693716,33.019645,CalWIN,2017,25554,125134,124285,92716.0,,,3327562,660989,787752,223456.0,74300.0
San Francisco,US-06075,-122.4847727,37.759845,CalWIN,2017,9768,25906,17152,21827.0,,,879517,193624,127629,98626.0,35747.0
San Joaquin,US-06077,-120.9449271,37.889845,C-IV,2017,5999,46993,55568,20009.0,,,750002,132452,200170,62413.0,26463.0
San Luis Obispo,US-06079,-120.1080592,35.34633,CalWIN,2017,1680,8476,7292,2939.0,,,280822,78771,50028,9470.0,3913.0
San Mateo,US-06081,-122.2406398,37.407705,CalWIN,2017,3503,9557,13330,11267.0,,,774974,177938,162564,55820.0,9550.0
Santa Barbara,US-06083,-120.0351675,34.743715,CalWIN,2017,2583,14844,20842,14114.0,,,451688,91564,100702,45877.0,7869.0
Santa Clara,US-06085,-121.6161794,37.18939,CalWIN,2017,10140,37812,43581,38302.0,,,1952286,379958,444642,169331.0,40724.0
Santa Cruz,US-06087,-122.0401593,37.06834,CalWIN,2017,2478,11573,11455,8750.0,,,278335,63450,58310,20196.0,4625.0
Shasta,US-06089,-122.0883555,40.735175,C-IV,2017,1672,12855,9275,413.0,,,178359,48890,37586,2176.0,9049.0
Sierra,US-06091,-120.0617973,39.58418,C-IV,2017,47,152,73,,,,3138,1248,464,,79.0
Siskiyou,US-06093,-122.5559892,41.5008525,C-IV,2017,504,3277,2622,219.0,,,44325,14972,8609,665.0,2334.0
Solano,US-06095,-121.6688337,38.2894915,CalWIN,2017,3122,19457,18023,6195.0,,,439320,96492,100669,20285.0,11067.0
Sonoma,US-06097,-122.7518161,38.481733,CalWIN,2017,3560,13464,14220,9052.0,,,507323,135829,98139,26059.0,8029.0
Stanislaus,US-06099,-120.8981857,37.606095,C-IV,2017,4760,38928,40179,15443.0,,,551712,99859,145609,49236.0,19222.0
Sutter,US-06101,-121.714735,39.02038,C-IV,2017,628,5750,6282,2042.0,,,98992,20046,25083,9073.0,3766.0
Tehama,US-06103,-122.6595518,40.125305,C-IV,2017,559,4500,4505,1138.0,,,64313,16080,15426,2512.0,2945.0
Trinity,US-06105,-123.5069171,40.672495,C-IV,2017,160,1008,532,,,,13447,5064,2147,152.0,614.0
Tulare,US-06107,-119.0889841,36.266965,CalWIN,2017,5907,49992,64931,38463.0,,,473308,75894,144428,61937.0,17521.0
Tuolumne,US-06109,-120.0954221,38.03354,C-IV,2017,578,2733,1760,74.0,,,54193,19020,8650,371.0,1540.0
Ventura,US-06111,-119.0838699,34.47326,CalWIN,2017,6080,29547,35864,25344.0,,,858585,183314,197824,77750.0,14726.0
Yolo,US-06113,-121.9008022,38.619495,CalWIN,2017,1435,9803,8311,4687.0,,,220171,38002,49156,13088.0,5077.0
Yuba,US-06115,-121.499162,39.278915,C-IV,2017,619,6457,6186,1337.0,,,76904,13591,21502,3464.0,3621.0
Statewide,,,,,2018,322094,1773510,1913457,1093944.0,,,39809693,8221985,9261018,3597443.0,1135009.0
Alameda,US-06001,-121.7871814,37.680185,CalWIN,2018,11501,47884,44043,30654.0,,,1660202,339021,351696,130524.0,44220.0
Alpine,US-06003,-120.0354892,38.6301005,C-IV,2018,14,68,39,0.0,,,1154,397,190,,33.416666666666664
Amador,US-06005,-120.238969,38.46328,C-IV,2018,323,1445,973,64.0,,,38094,13314,5642,399.0,647.5
Butte,US-06007,-121.5660076,39.723785,C-IV,2018,2273,17305,11692,2010.0,,,227621,57350,46448,5363.0,10182.75
Calaveras,US-06009,-120.6039732,38.1711345,C-IV,2018,620,2712,1623,77.0,,,45157,17243,7178,314.0,963.5833333333334
Colusa,US-06011,-122.4386143,39.169245,C-IV,2018,121,600,753,381.0,,,22098,4723,6121,3184.0,571.1666666666666
Contra Costa,US-06013,-121.717604,37.888418,CalWIN,2018,5269,26873,29860,12644.0,,,1149363,266792,251554,69152.0,22931.166666666668
Del Norte,US-06015,-123.719458,41.6908155,C-IV,2018,328,2688,2009,192.0,,,27221,6895,5816,434.0,1697.0
El Dorado,US-06017,-120.4259625,38.78496,C-IV,2018,1272,5953,4054,665.0,,,188399,55406,35745,3079.0,2766.6666666666665
Fresno,US-06019,-120.862059,36.74633,CalWIN,2018,9095,90733,112941,48747.0,,,1007229,175008,282393,108140.0,41276.416666666664
Glenn,US-06021,-122.1147288,39.591764,C-IV,2018,244,1517,1670,520.0,,,28796,6511,7481,2579.0,1041.8333333333333
Humboldt,US-06023,-123.959972,40.73356,C-IV,2018,1663,11759,6579,756.0,,,136002,34375,28453,2500.0,5039.0
Imperial,US-06025,-115.058652,33.02615,C-IV,2018,3134,18206,18884,20717.0,,,190624,34300,55371,34263.0,9948.583333333334
Inyo,US-06027,-117.7797286,36.626,C-IV,2018,218,961,764,148.0,,,18577,5960,3870,460.0,357.9166666666667
Kern,US-06029,-118.4426011,35.29441,C-IV,2018,8501,64269,83589,33485.0,,,905801,146852,256078,84735.0,31037.583333333332
Kings,US-06031,-119.6135104,36.138775,C-IV,2018,1183,10288,11878,5024.0,,,151662,22623,46215,13829.0,4571.916666666667
Lake,US-06033,-122.9624445,39.124455,C-IV,2018,1565,7398,5131,1278.0,,,65081,19845,13632,2087.0,3506.0833333333335
Lassen,US-06035,-120.2636913,40.446085,C-IV,2018,227,1491,1201,51.0,,,30911,7281,5294,520.0,863.3333333333334
Los Angeles,US-06037,-117.9879672,34.26394,LRS,2018,91132,486906,520268,363721.0,,,10283729,2056614,2298592,1297024.0,366051.5
Madera,US-06039,-119.84174,37.27052,C-IV,2018,1154,9834,15793,8581.0,,,158894,31061,42250,18907.0,4441.333333333333
Marin,US-06041,-122.870429,38.068145,C-IV,2018,1488,4205,4263,3685.0,,,263886,79357,52222,9959.0,2577.9166666666665
Mariposa,US-06043,-119.6495595,37.543615,C-IV,2018,252,958,633,38.0,,,18129,6811,2834,199.0,411.25
Mendocino,US-06045,-123.5709822,39.380655,C-IV,2018,1150,5752,4668,1553.0,,,89299,25835,19133,4402.0,3019.5833333333335
Merced,US-06047,-120.1246993,37.18687,C-IV,2018,2557,21890,27778,12859.0,,,279977,44559,80521,34066.0,10384.333333333334
Modoc,US-06049,-120.1993372,41.590546,C-IV,2018,73,662,512,51.0,,,9612,3188,1769,284.0,413.5833333333333
Mono,US-06051,-118.7402371,38.0878955,C-IV,2018,58,332,273,114.0,,,13822,3154,2836,590.0,89.16666666666667
Monterey,US-06053,-120.9044897,36.35433,C-IV,2018,2939,13496,24569,18334.0,,,443281,85236,116022,75432.0,7590.833333333333
Napa,US-06055,-122.5128064,38.509635,C-IV,2018,633,2243,3004,2117.0,,,141294,36069,29273,11182.0,1867.6666666666667
Nevada,US-06057,-120.3163119,39.266135,C-IV,2018,890,3987,2422,200.0,,,99155,35472,16033,1006.0,1843.6666666666667
Orange,US-06059,-117.8002615,33.66707,CalWIN,2018,22192,87290,112029,90413.0,,,3221103,674940,724718,304940.0,67075.33333333333
Placer,US-06061,-120.7858989,39.013999,CalWIN,2018,1828,7315,5725,1426.0,,,389532,104700,76338,6453.0,4988.583333333333
Plumas,US-06063,-121.1037321,40.0234855,C-IV,2018,182,1122,725,39.0,,,19773,7551,3175,168.0,620.9166666666666
Riverside,US-06065,-115.0250859,33.752845,C-IV,2018,18050,111075,125773,49247.0,,,2415955,497063,601945,181074.0,57936.416666666664
Sacramento,US-06067,-121.1505311,38.383079,CalWIN,2018,11983,96234,91993,43300.0,,,1529501,304473,363983,92841.0,60415.833333333336
San Benito,US-06069,-121.2131455,36.5928495,C-IV,2018,338,1891,2377,1132.0,,,57088,11706,14289,5178.0,859.3333333333334
San Bernardino,US-06071,-116.6760973,34.840011,C-IV,2018,21422,152270,166608,53670.0,,,2174938,374170,581301,159507.0,65946.58333333333
San Diego,US-06073,-116.693716,33.019645,CalWIN,2018,27745,121601,116459,86280.0,,,3337456,682446,804235,216965.0,73274.33333333333
San Francisco,US-06075,-122.4847727,37.759845,CalWIN,2018,10215,24275,15664,20115.0,,,883963,198778,132330,96657.0,35035.083333333336
San Joaquin,US-06077,-120.9449271,37.889845,C-IV,2018,6208,43425,50660,17749.0,,,758744,137287,201902,62038.0,25946.916666666668
San Luis Obispo,US-06079,-120.1080592,35.34633,CalWIN,2018,1793,7927,6516,2630.0,,,280101,80561,51974,9045.0,3802.0
San Mateo,US-06081,-122.2406398,37.407705,CalWIN,2018,3385,8539,11435,9687.0,,,774155,183173,163129,54023.0,9211.75
Santa Barbara,US-06083,-120.0351675,34.743715,CalWIN,2018,2798,16125,19884,13453.0,,,453457,93932,103199,45552.0,7676.0
Santa Clara,US-06085,-121.6161794,37.18939,CalWIN,2018,10216,32789,36942,31912.0,,,1956598,393649,448977,162853.0,39763.833333333336
Santa Cruz,US-06087,-122.0401593,37.06834,CalWIN,2018,2543,11335,10439,7987.0,,,276864,65283,60678,20226.0,4530.666666666667
Shasta,US-06089,-122.0883555,40.735175,C-IV,2018,2007,12897,9205,427.0,,,178271,49766,37648,2041.0,8818.75
Sierra,US-06091,-120.0617973,39.58418,C-IV,2018,47,115,67,,,,3207,1280,469,,77.66666666666667
Siskiyou,US-06093,-122.5559892,41.5008525,C-IV,2018,577,3229,2560,218.0,,,44612,15148,8574,613.0,2353.3333333333335
Solano,US-06095,-121.6688337,38.2894915,CalWIN,2018,3317,18283,16724,5587.0,,,439793,99982,101176,20223.0,10681.25
Sonoma,US-06097,-122.7518161,38.481733,CalWIN,2018,3718,12298,12845,7980.0,,,503332,139599,98066,26868.0,7735.583333333333
Stanislaus,US-06099,-120.8981857,37.606095,C-IV,2018,4894,36317,36686,14019.0,,,555624,103114,146558,48530.0,18831.916666666668
Sutter,US-06101,-121.714735,39.02038,C-IV,2018,650,5274,5743,1905.0,,,97238,20461,25070,9529.0,3710.75
Tehama,US-06103,-122.6595518,40.125305,C-IV,2018,627,4274,4207,1043.0,,,64039,16265,15528,2130.0,2879.1666666666665
Trinity,US-06105,-123.5069171,40.672495,C-IV,2018,159,995,514,,,,13635,5139,2150,102.0,601.9166666666666
Tulare,US-06107,-119.0889841,36.266965,CalWIN,2018,6174,47882,62215,36932.0,,,475834,78149,144290,61208.0,17480.166666666668
Tuolumne,US-06109,-120.0954221,38.03354,C-IV,2018,576,2608,1606,57.0,,,54740,19317,8567,398.0,1493.0
Ventura,US-06111,-119.0838699,34.47326,CalWIN,2018,6419,27742,32789,22650.0,,,859073,189578,197155,77382.0,14449.583333333334
Yolo,US-06113,-121.9008022,38.619495,CalWIN,2018,1460,9710,7253,4136.0,,,221270,39228,51447,12376.0,4944.25
Yuba,US-06115,-121.499162,39.278915,C-IV,2018,694,6258,5948,1266.0,,,74727,13995,21485,3897.0,3521.25
Statewide,,,,,2019,534608,1765654,1726193,1072674.0,,,39959095,8353795,9061651,3523601.0,1119516.9166666667
Alameda,US-06001,-121.7871814,37.680185,CalWIN,2019,19496,49067,39045,30618.0,,,1674115,363389,354301,123725.0,43239.583333333336
Alpine,US-06003,-120.0354892,38.6301005,C-IV,2019,24,72,39,0.0,,,1128,415,175,,31.416666666666668
Amador,US-06005,-120.238969,38.46328,C-IV,2019,387,1362,901,37.0,,,38223,13183,5444,441.0,630.4166666666666
Butte,US-06007,-121.5660076,39.723785,C-IV,2019,3289,16564,9990,2008.0,,,216965,56856,43424,5358.0,9454.75
Calaveras,US-06009,-120.6039732,38.1711345,C-IV,2019,746,2567,1438,76.0,,,44394,17168,6510,333.0,943.8333333333334
Colusa,US-06011,-122.4386143,39.169245,C-IV,2019,179,597,712,334.0,,,22483,4495,5782,2953.0,550.6666666666666
Contra Costa,US-06013,-121.717604,37.888418,CalWIN,2019,8188,26734,26748,11724.0,,,1153077,275661,250901,69338.0,22689.666666666668
Del Norte,US-06015,-123.719458,41.6908155,C-IV,2019,533,2853,1853,152.0,,,27520,6696,5517,429.0,1688.75
El Dorado,US-06017,-120.4259625,38.78496,C-IV,2019,1598,5944,3639,594.0,,,191210,59081,34252,2847.0,2693.1666666666665
Fresno,US-06019,-120.862059,36.74633,CalWIN,2019,14484,87111,103869,45108.0,,,1021960,176739,281014,105377.0,41245.666666666664
Glenn,US-06021,-122.1147288,39.591764,C-IV,2019,345,1597,1477,449.0,,,29197,6232,7246,2578.0,1050.6666666666667
Humboldt,US-06023,-123.959972,40.73356,C-IV,2019,2758,12933,6466,718.0,,,134909,34139,27987,1936.0,4886.916666666667
Imperial,US-06025,-115.058652,33.02615,C-IV,2019,4896,17607,17674,20620.0,,,190025,35559,55110,34202.0,9791.166666666666
Inyo,US-06027,-117.7797286,36.626,C-IV,2019,232,859,701,107.0,,,18462,5936,3555,508.0,351.4166666666667
Kern,US-06029,-118.4426011,35.29441,C-IV,2019,12328,65069,78655,30673.0,,,917379,150342,252977,85522.0,31107.666666666668
Kings,US-06031,-119.6135104,36.138775,C-IV,2019,1759,10439,11348,4703.0,,,154446,22885,43977,14286.0,4570.083333333333
Lake,US-06033,-122.9624445,39.124455,C-IV,2019,1968,6376,4030,768.0,,,64889,19563,14264,2264.0,3451.25
Lassen,US-06035,-120.2636913,40.446085,C-IV,2019,313,1647,1139,45.0,,,29880,6318,5209,482.0,876.3333333333334
Los Angeles,US-06037,-117.9879672,34.26394,LRS,2019,181910,497924,471744,378038.0,,,10260237,2085070,2231467,1265355.0,359101.6666666667
Madera,US-06039,-119.84174,37.27052,C-IV,2019,1632,9621,14870,8042.0,,,158940,31620,41235,18762.0,4424.75
Marin,US-06041,-122.870429,38.068145,C-IV,2019,2089,4306,3773,3412.0,,,261627,83999,49636,9402.0,2498.1666666666665
Mariposa,US-06043,-119.6495595,37.543615,C-IV,2019,350,1045,616,43.0,,,17860,6824,2507,156.0,424.5833333333333
Mendocino,US-06045,-123.5709822,39.380655,C-IV,2019,1552,5837,4315,1376.0,,,88590,25636,20083,3703.0,2981.5833333333335
Merced,US-06047,-120.1246993,37.18687,C-IV,2019,3955,22713,25940,12187.0,,,283408,45081,79847,34355.0,10346.416666666666
Modoc,US-06049,-120.1993372,41.590546,C-IV,2019,139,744,499,39.0,,,9486,3215,1691,353.0,414.75
Mono,US-06051,-118.7402371,38.0878955,C-IV,2019,70,296,246,101.0,,,13881,3360,2510,523.0,90.08333333333333
Monterey,US-06053,-120.9044897,36.35433,C-IV,2019,3495,12640,20926,15633.0,,,446539,85412,114912,73492.0,7405.166666666667
Napa,US-06055,-122.5128064,38.509635,C-IV,2019,833,2224,2510,1832.0,,,140062,35619,27975,10647.0,1848.8333333333333
Nevada,US-06057,-120.3163119,39.266135,C-IV,2019,1194,4345,2364,182.0,,,98613,35874,15540,700.0,1868.25
Orange,US-06059,-117.8002615,33.66707,CalWIN,2019,32978,79099,92237,81334.0,,,3220987,693437,717003,293076.0,66639.33333333333
Placer,US-06061,-120.7858989,39.013999,CalWIN,2019,2410,7167,5197,1381.0,,,394737,103679,81792,7227.0,5103.5
Plumas,US-06063,-121.1037321,40.0234855,C-IV,2019,233,1223,709,27.0,,,18858,7326,3057,151.0,606.6666666666666
Riverside,US-06065,-115.0250859,33.752845,C-IV,2019,24538,109595,112871,43729.0,,,2443454,508893,592047,184782.0,58175.416666666664
Sacramento,US-06067,-121.1505311,38.383079,CalWIN,2019,22704,99215,86191,44201.0,,,1553253,317294,367322,91340.0,59641.166666666664
San Benito,US-06069,-121.2131455,36.5928495,C-IV,2019,412,1957,2132,1063.0,,,62782,12943,13775,5116.0,873.0
San Bernardino,US-06071,-116.6760973,34.840011,C-IV,2019,29074,145985,150208,47712.0,,,2197650,378683,557643,158414.0,65960.91666666667
San Diego,US-06073,-116.693716,33.019645,CalWIN,2019,40827,121468,105574,85038.0,,,3357442,668905,758196,210717.0,72455.66666666667
San Francisco,US-06075,-122.4847727,37.759845,CalWIN,2019,24223,24448,13761,29601.0,,,889360,201195,133134,93982.0,34245.333333333336
San Joaquin,US-06077,-120.9449271,37.889845,C-IV,2019,9251,42221,45457,16098.0,,,771700,143011,195068,60989.0,25468.583333333332
San Luis Obispo,US-06079,-120.1080592,35.34633,CalWIN,2019,2193,7917,5853,2418.0,,,278902,75496,49559,8050.0,3670.4166666666665
San Mateo,US-06081,-122.2406398,37.407705,CalWIN,2019,4566,7704,9310,8493.0,,,776252,191894,160174,53510.0,8932.916666666666
Santa Barbara,US-06083,-120.0351675,34.743715,CalWIN,2019,3926,17198,18213,12643.0,,,454529,94428,99782,46579.0,7495.0
Santa Clara,US-06085,-121.6161794,37.18939,CalWIN,2019,19641,31022,31177,34223.0,,,1961117,401564,445263,159929.0,38990.25
Santa Cruz,US-06087,-122.0401593,37.06834,CalWIN,2019,3146,11282,9244,7009.0,,,274545,65645,53106,19308.0,4402.916666666667
Shasta,US-06089,-122.0883555,40.735175,C-IV,2019,2812,12871,8248,373.0,,,178029,48209,38121,1632.0,8528.25
Sierra,US-06091,-120.0617973,39.58418,C-IV,2019,59,116,63,,,,3121,1300,425,,75.58333333333333
Siskiyou,US-06093,-122.5559892,41.5008525,C-IV,2019,862,3532,2515,197.0,,,44060,14920,8167,617.0,2316.75
Solano,US-06095,-121.6688337,38.2894915,CalWIN,2019,4711,18498,15085,5037.0,,,442145,101394,99071,20761.0,10464.333333333334
Sonoma,US-06097,-122.7518161,38.481733,CalWIN,2019,4687,11873,10794,6586.0,,,498480,137772,94462,26234.0,7508.666666666667
Stanislaus,US-06099,-120.8981857,37.606095,C-IV,2019,7756,34892,32563,13627.0,,,558395,101956,149638,47927.0,18536.916666666668
Sutter,US-06101,-121.714735,39.02038,C-IV,2019,940,5301,5256,1787.0,,,103580,21832,25116,9648.0,3678.5
Tehama,US-06103,-122.6595518,40.125305,C-IV,2019,1076,4724,4033,901.0,,,65428,16696,15216,2140.0,2845.5
Trinity,US-06105,-123.5069171,40.672495,C-IV,2019,266,986,466,,,,13385,5108,2204,119.0,591.4166666666666
Tulare,US-06107,-119.0889841,36.266965,CalWIN,2019,8320,47695,58133,34298.0,,,479924,80309,141302,59409.0,17519.25
Tuolumne,US-06109,-120.0954221,38.03354,C-IV,2019,769,2596,1442,60.0,,,52568,18805,8163,272.0,1484.0833333333333
Ventura,US-06111,-119.0838699,34.47326,CalWIN,2019,8138,26879,29441,20132.0,,,853747,191306,197106,75556.0,14271.5
Yolo,US-06113,-121.9008022,38.619495,CalWIN,2019,2196,10300,6636,3874.0,,,222868,39146,48055,12635.0,4828.166666666667
Yuba,US-06115,-121.499162,39.278915,C-IV,2019,1152,6797,5857,1194.0,,,78292,14282,22636,3432.0,3392.0
Statewide,,,,,2020,756739,2075413,1810547,1234046.0,,,39782419,8772858,9221492,3392783.0,1107618.0
Alameda,US-06001,-121.7871814,37.680185,CalWIN,2020,29838,65823,45256,40802.0,,,1671855,378012,368330,119494.0,42689.5
Alpine,US-06003,-120.0354892,38.6301005,C-IV,2020,25,61,34,0.0,,,1115,441,182,17.0,31.416666666666668
Amador,US-06005,-120.238969,38.46328,C-IV,2020,473,1333,786,40.0,,,37577,14585,5816,418.0,620.8333333333334
Butte,US-06007,-121.5660076,39.723785,C-IV,2020,4171,17442,9119,2048.0,,,206362,57085,44417,5615.0,9056.25
Calaveras,US-06009,-120.6039732,38.1711345,C-IV,2020,929,2595,1514,76.0,,,44286,17943,6888,312.0,949.3333333333334
Colusa,US-06011,-122.4386143,39.169245,C-IV,2020,238,822,872,432.0,,,22075,5092,6172,2821.0,526.4166666666666
Contra Costa,US-06013,-121.717604,37.888418,CalWIN,2020,12158,34375,30548,15192.0,,,1149800,285665,246929,65454.0,22389.333333333332
Del Norte,US-06015,-123.719458,41.6908155,C-IV,2020,732,3242,1894,174.0,,,27193,7060,5848,411.0,1669.0833333333333
El Dorado,US-06017,-120.4259625,38.78496,C-IV,2020,2006,6854,3678,629.0,,,192012,61293,34198,2722.0,2626.6666666666665
Fresno,US-06019,-120.862059,36.74633,CalWIN,2020,19897,94085,102953,46036.0,,,1026358,191583,277331,99823.0,40940.916666666664
Glenn,US-06021,-122.1147288,39.591764,C-IV,2020,455,1627,1424,458.0,,,29507,6720,7180,2700.0,1021.0
Humboldt,US-06023,-123.959972,40.73356,C-IV,2020,3328,13591,6422,752.0,,,132706,36874,27642,1942.0,4829.833333333333
Imperial,US-06025,-115.058652,33.02615,C-IV,2020,6187,17997,16697,20237.0,,,188090,37904,51592,32870.0,9568.25
Inyo,US-06027,-117.7797286,36.626,C-IV,2020,300,1021,767,152.0,,,18429,6538,3826,303.0,348.0
Kern,US-06029,-118.4426011,35.29441,C-IV,2020,16641,74124,80619,32290.0,,,912975,156344,252034,82813.0,31163.25
Kings,US-06031,-119.6135104,36.138775,C-IV,2020,2301,11463,11686,4823.0,,,154745,26522,42183,14598.0,4566.25
Lake,US-06033,-122.9624445,39.124455,C-IV,2020,2355,6664,4024,805.0,,,63771,21128,13393,1706.0,3415.8333333333335
Lassen,US-06035,-120.2636913,40.446085,C-IV,2020,407,1846,1176,48.0,,,28872,6540,4326,675.0,861.0
Los Angeles,US-06037,-117.9879672,34.26394,LRS,2020,272684,621516,511550,457367.0,,,10171593,2198362,2307784,1215442.0,353975.4166666667
Madera,US-06039,-119.84174,37.27052,C-IV,2020,2369,11385,15822,8823.0,,,158794,32618,41512,18287.0,4302.333333333333
Marin,US-06041,-122.870429,38.068145,C-IV,2020,2869,5800,4672,4227.0,,,258956,88540,48131,8984.0,2463.25
Mariposa,US-06043,-119.6495595,37.543615,C-IV,2020,465,1295,662,53.0,,,17778,6863,3342,141.0,431.9166666666667
Mendocino,US-06045,-123.5709822,39.380655,C-IV,2020,1988,6380,4341,1322.0,,,87491,26939,19332,3810.0,2935.6666666666665
Merced,US-06047,-120.1246993,37.18687,C-IV,2020,5118,23439,25069,12445.0,,,284761,48349,78384,33758.0,10218.416666666666
Modoc,US-06049,-120.1993372,41.590546,C-IV,2020,203,765,475,31.0,,,9416,2977,1895,285.0,407.5833333333333
Mono,US-06051,-118.7402371,38.0878955,C-IV,2020,102,536,325,183.0,,,13447,3853,2903,439.0,84.66666666666667
Monterey,US-06053,-120.9044897,36.35433,C-IV,2020,4500,15628,24709,19535.0,,,441290,90142,118076,68607.0,7299.166666666667
Napa,US-06055,-122.5128064,38.509635,C-IV,2020,1304,2909,2945,2424.0,,,138711,38075,27541,9612.0,1823.75
Nevada,US-06057,-120.3163119,39.266135,C-IV,2020,1489,4798,2370,210.0,,,97439,37318,15840,1167.0,1856.9166666666667
Orange,US-06059,-117.8002615,33.66707,CalWIN,2020,47911,92330,94478,90479.0,,,3190832,722335,720052,279331.0,66663.08333333333
Placer,US-06061,-120.7858989,39.013999,CalWIN,2020,3079,6973,4867,1593.0,,,397469,107552,79559,6094.0,5204.0
Plumas,US-06063,-121.1037321,40.0234855,C-IV,2020,340,1300,702,32.0,,,18246,8247,2707,216.0,578.3333333333334
Riverside,US-06065,-115.0250859,33.752845,C-IV,2020,33748,123750,115698,46646.0,,,2449299,525623,587182,182640.0,58500.333333333336
Sacramento,US-06067,-121.1505311,38.383079,CalWIN,2020,32285,108309,86577,49827.0,,,1562242,333014,373538,89534.0,58904.5
San Benito,US-06069,-121.2131455,36.5928495,C-IV,2020,597,2360,2439,1383.0,,,62789,13489,14226,4971.0,885.5
San Bernardino,US-06071,-116.6760973,34.840011,C-IV,2020,37729,157854,152876,49763.0,,,2184112,397804,564740,153812.0,65995.5
San Diego,US-06073,-116.693716,33.019645,CalWIN,2020,58030,165163,121097,101473.0,,,3352145,698918,807046,200324.0,72003.66666666667
San Francisco,US-06075,-122.4847727,37.759845,CalWIN,2020,32194,31035,15664,36602.0,,,899891,219925,149146,91297.0,33746.75
San Joaquin,US-06077,-120.9449271,37.889845,C-IV,2020,12960,44408,44484,17718.0,,,776068,149849,197596,60993.0,25040.25
San Luis Obispo,US-06079,-120.1080592,35.34633,CalWIN,2020,2770,8591,6130,2645.0,,,276151,79764,47577,7485.0,3597.6666666666665
San Mateo,US-06081,-122.2406398,37.407705,CalWIN,2020,6240,10644,11207,10850.0,,,775132,201889,169953,49933.0,8733.083333333334
Santa Barbara,US-06083,-120.0351675,34.743715,CalWIN,2020,5211,20043,19757,14309.0,,,451329,97951,103140,44724.0,7421.833333333333
Santa Clara,US-06085,-121.6161794,37.18939,CalWIN,2020,27168,38652,34469,41385.0,,,1962251,423276,455912,158711.0,38438.0
Santa Cruz,US-06087,-122.0401593,37.06834,CalWIN,2020,4020,13144,9811,7711.0,,,270067,67776,54285,17443.0,4403.333333333333
Shasta,US-06089,-122.0883555,40.735175,C-IV,2020,3769,13921,7857,453.0,,,177692,51672,37836,1747.0,8292.333333333334
Sierra,US-06091,-120.0617973,39.58418,C-IV,2020,74,135,65,,,,3117,1408,447,,71.66666666666667
Siskiyou,US-06093,-122.5559892,41.5008525,C-IV,2020,1236,4023,2538,203.0,,,43792,14972,8049,603.0,2296.4166666666665
Solano,US-06095,-121.6688337,38.2894915,CalWIN,2020,6392,22326,16564,6070.0,,,440198,106542,98915,19940.0,10288.0
Sonoma,US-06097,-122.7518161,38.481733,CalWIN,2020,5992,14443,11807,7331.0,,,491134,141632,94488,25700.0,7270.0
Stanislaus,US-06099,-120.8981857,37.606095,C-IV,2020,10093,34907,30427,13701.0,,,555955,110821,142535,45979.0,18066.75
Sutter,US-06101,-121.714735,39.02038,C-IV,2020,1322,5702,5114,1819.0,,,101160,21825,24711,8979.0,3568.5
Tehama,US-06103,-122.6595518,40.125305,C-IV,2020,1389,5158,3887,855.0,,,65266,17841,14937,1884.0,2811.0
Trinity,US-06105,-123.5069171,40.672495,C-IV,2020,355,1152,548,,,,13291,5718,2014,89.0,589.0
Tulare,US-06107,-119.0889841,36.266965,CalWIN,2020,10636,48974,56182,33043.0,,,480788,82703,139232,57319.0,17481.75
Tuolumne,US-06109,-120.0954221,38.03354,C-IV,2020,1007,2737,1353,58.0,,,52353,18807,8099,262.0,1469.3333333333333
Ventura,US-06111,-119.0838699,34.47326,CalWIN,2020,10168,28357,29087,20929.0,,,841439,202071,193294,71885.0,14148.416666666666
Yolo,US-06113,-121.9008022,38.619495,CalWIN,2020,2882,12157,6648,4379.0,,,221718,43485,45923,12433.0,4691.166666666667
Yuba,US-06115,-121.499162,39.278915,C-IV,2020,1610,7449,5805,1151.0,,,79089,14584,21326,3228.0,3385.1666666666665
Statewide,,,,,2021,822496,1919754,1706479,1204103.0,,,39953269,8937921,8947160,3325072.0,1065311.0
Alameda,US-06001,-121.7871814,37.680185,CalWIN,2021,33379,58597,41865,41554.0,,,1678334,371871,340356,117183.0,41361.5
Alpine,US-06003,-120.0354892,38.6301005,C-IV,2021,22,55,43,0.0,,,1133,437,163,19.0,28.583333333333332
Amador,US-06005,-120.238969,38.46328,C-IV,2021,578,1310,864,46.0,,,37986,14455,5610,452.0,599.9166666666666
Butte,US-06007,-121.5660076,39.723785,C-IV,2021,4519,16041,9038,2009.0,,,226910,57312,45972,4909.0,8492.833333333334
Calaveras,US-06009,-120.6039732,38.1711345,C-IV,2021,972,2453,1513,63.0,,,44153,18302,7024,434.0,923.5
Colusa,US-06011,-122.4386143,39.169245,C-IV,2021,310,872,893,458.0,,,22786,5043,5881,2695.0,511.5833333333333
Contra Costa,US-06013,-121.717604,37.888418,CalWIN,2021,13963,34779,30705,15583.0,,,1159507,293847,240054,64875.0,21467.083333333332
Del Norte,US-06015,-123.719458,41.6908155,C-IV,2021,843,2926,1775,179.0,,,26840,7066,5446,477.0,1608.3333333333333
El Dorado,US-06017,-120.4259625,38.78496,C-IV,2021,2197,5710,3341,582.0,,,189089,59785,35233,2362.0,2543.4166666666665
Fresno,US-06019,-120.862059,36.74633,CalWIN,2021,21010,82385,95237,43579.0,,,1021649,188263,279298,96137.0,39273.166666666664
Glenn,US-06021,-122.1147288,39.591764,C-IV,2021,501,1498,1384,460.0,,,29185,6755,7271,2401.0,996.5
Humboldt,US-06023,-123.959972,40.73356,C-IV,2021,3537,12159,6244,673.0,,,134214,35982,27446,2213.0,4677.75
Imperial,US-06025,-115.058652,33.02615,C-IV,2021,6502,16874,16138,20267.0,,,191619,37088,53418,32860.0,9147.0
Inyo,US-06027,-117.7797286,36.626,C-IV,2021,283,906,750,126.0,,,18172,6485,3693,305.0,350.4166666666667
Kern,US-06029,-118.4426011,35.29441,C-IV,2021,17881,69133,77624,31711.0,,,920651,158091,251721,84172.0,29848.75
Kings,US-06031,-119.6135104,36.138775,C-IV,2021,2493,10433,11392,4834.0,,,155100,23863,47096,15125.0,4388.416666666667
Lake,US-06033,-122.9624445,39.124455,C-IV,2021,2556,6396,4001,743.0,,,64174,20174,13573,1822.0,3226.4166666666665
Lassen,US-06035,-120.2636913,40.446085,C-IV,2021,498,1666,1125,47.0,,,29965,7470,5251,847.0,824.0
Los Angeles,US-06037,-117.9879672,34.26394,LRS,2021,292124,577140,484261,439938.0,,,10198389,2239357,2174428,1185441.0,339031.8333333333
Madera,US-06039,-119.84174,37.27052,C-IV,2021,2643,10636,15156,8530.0,,,161121,32920,40656,18196.0,4045.1666666666665
Marin,US-06041,-122.870429,38.068145,C-IV,2021,3046,5453,4436,4074.0,,,258165,84564,46986,10001.0,2342.1666666666665
Mariposa,US-06043,-119.6495595,37.543615,C-IV,2021,485,1216,704,42.0,,,17571,7216,2705,148.0,416.4166666666667
Mendocino,US-06045,-123.5709822,39.380655,C-IV,2021,2170,6077,4301,1299.0,,,88297,26730,18467,3711.0,2848.75
Merced,US-06047,-120.1246993,37.18687,C-IV,2021,5666,22568,24900,12382.0,,,285801,48170,79428,35499.0,9795.666666666666
Modoc,US-06049,-120.1993372,41.590546,C-IV,2021,242,689,452,36.0,,,9384,3327,1736,285.0,396.5833333333333
Mono,US-06051,-118.7402371,38.0878955,C-IV,2021,105,332,227,98.0,,,13838,3750,2716,304.0,81.83333333333333
Monterey,US-06053,-120.9044897,36.35433,C-IV,2021,4661,14000,21874,16979.0,,,445181,92144,112743,68862.0,6992.833333333333
Napa,US-06055,-122.5128064,38.509635,C-IV,2021,1432,2994,2857,2241.0,,,139369,38241,26841,9243.0,1776.4166666666667
Nevada,US-06057,-120.3163119,39.266135,C-IV,2021,1669,4433,2182,177.0,,,98017,37262,15173,1185.0,1775.5833333333333
Orange,US-06059,-117.8002615,33.66707,CalWIN,2021,55606,93618,89467,92631.0,,,3209272,735719,702608,267533.0,64951.5
Placer,US-06061,-120.7858989,39.013999,CalWIN,2021,3551,7638,5500,1700.0,,,396376,114665,72757,6221.0,5165.916666666667
Plumas,US-06063,-121.1037321,40.0234855,C-IV,2021,384,1146,651,,,,19124,7774,3129,138.0,541.1666666666666
Riverside,US-06065,-115.0250859,33.752845,C-IV,2021,35478,107245,105510,42800.0,,,2477971,554554,588233,176202.0,56818.666666666664
Sacramento,US-06067,-121.1505311,38.383079,CalWIN,2021,35138,97821,80749,47466.0,,,1558537,331087,359115,91157.0,56884.25
San Benito,US-06069,-121.2131455,36.5928495,C-IV,2021,632,2331,2300,1300.0,,,61719,13274,13567,5221.0,849.1666666666666
San Bernardino,US-06071,-116.6760973,34.840011,C-IV,2021,37666,131258,133410,43254.0,,,2200340,410358,570238,151068.0,63059.25
San Diego,US-06073,-116.693716,33.019645,CalWIN,2021,64712,157814,116326,102483.0,,,3343827,741297,792577,190544.0,69618.5
San Francisco,US-06075,-122.4847727,37.759845,CalWIN,2021,36605,34967,17100,42906.0,,,892429,209101,135506,88926.0,32839.75
San Joaquin,US-06077,-120.9449271,37.889845,C-IV,2021,14777,43758,43205,17375.0,,,775350,152402,197040,64004.0,23627.833333333332
San Luis Obispo,US-06079,-120.1080592,35.34633,CalWIN,2021,3059,8554,5929,2507.0,,,278574,86345,49397,7669.0,3512.5
San Mateo,US-06081,-122.2406398,37.407705,CalWIN,2021,7190,10166,10573,10882.0,,,774990,197670,157276,47507.0,8432.333333333334
Santa Barbara,US-06083,-120.0351675,34.743715,CalWIN,2021,5660,18536,18882,13486.0,,,453498,99933,101827,43385.0,7290.083333333333
Santa Clara,US-06085,-121.6161794,37.18939,CalWIN,2021,30401,39680,33616,43051.0,,,1974827,437626,424995,158754.0,37377.25
Santa Cruz,US-06087,-122.0401593,37.06834,CalWIN,2021,4360,12000,9850,7729.0,,,275023,70919,57622,16945.0,4303.916666666667
Shasta,US-06089,-122.0883555,40.735175,C-IV,2021,4091,12362,7494,505.0,,,176451,50074,37722,1731.0,7927.666666666667
Sierra,US-06091,-120.0617973,39.58418,C-IV,2021,83,110,49,,,,3098,1365,435,13.0,69.5
Siskiyou,US-06093,-122.5559892,41.5008525,C-IV,2021,1422,3830,2361,220.0,,,43315,15380,8363,616.0,2222.1666666666665
Solano,US-06095,-121.6688337,38.2894915,CalWIN,2021,6899,20175,15191,5916.0,,,445326,109042,98196,20418.0,9899.916666666666
Sonoma,US-06097,-122.7518161,38.481733,CalWIN,2021,6317,13171,11284,7120.0,,,500879,151047,89339,25808.0,6850.583333333333
Stanislaus,US-06099,-120.8981857,37.606095,C-IV,2021,10857,32341,29428,13503.0,,,561951,110574,143384,45359.0,17045.666666666668
Sutter,US-06101,-121.714735,39.02038,C-IV,2021,1455,5471,4944,1793.0,,,99210,21483,24017,8978.0,3388.8333333333335
Tehama,US-06103,-122.6595518,40.125305,C-IV,2021,1603,4699,3562,839.0,,,63950,17203,14664,1794.0,2680.6666666666665
Trinity,US-06105,-123.5069171,40.672495,C-IV,2021,415,1080,511,30.0,,,13180,5304,2276,305.0,564.3333333333334
Tulare,US-06107,-119.0889841,36.266965,CalWIN,2021,10948,42748,52410,31202.0,,,481649,83879,140237,56149.0,16870.5
Tuolumne,US-06109,-120.0954221,38.03354,C-IV,2021,1153,2501,1256,49.0,,,51732,19629,8344,330.0,1445.6666666666667
Ventura,US-06111,-119.0838699,34.47326,CalWIN,2021,10820,26972,27787,19543.0,,,850054,206817,185989,70298.0,13600.833333333334
Yolo,US-06113,-121.9008022,38.619495,CalWIN,2021,3124,10868,6207,3886.0,,,225894,42281,51034,12450.0,4467.666666666667
Yuba,US-06115,-121.499162,39.278915,C-IV,2021,1803,7163,5645,1194.0,,,78123,15149,20888,3386.0,3232.5833333333335
Statewide,,,,,2022,991816,2164661,1815938,1315453.0,,,40146003,9195742,8893756,3307125.0,1048413.6666666666
Alameda,US-06001,-121.7871814,37.680185,CalWIN,2022,39592,65506,44464,45840.0,,,1689538,383100,338015,115693.0,41058.5
Alpine,US-06003,-120.0354892,38.6301005,C-IV,2022,23,61,41,0.0,,,1139,451,159,24.0,25.25
Amador,US-06005,-120.238969,38.46328,C-IV,2022,836,1698,1163,64.0,,,38161,14680,5648,411.0,597.8333333333334
Butte,US-06007,-121.5660076,39.723785,C-IV,2022,5655,19522,10140,2358.0,,,227736,57528,46050,5128.0,8166.0
Calaveras,US-06009,-120.6039732,38.1711345,C-IV,2022,1189,2769,1603,82.0,,,44150,18518,7030,254.0,916.9166666666666
Colusa,US-06011,-122.4386143,39.169245,C-IV,2022,433,1003,1058,634.0,,,22872,5142,5841,2975.0,501.4166666666667
Contra Costa,US-06013,-121.717604,37.888418,CalWIN,2022,17639,39086,32949,17685.0,,,1168294,303479,238272,65143.0,21224.25
Del Norte,US-06015,-123.719458,41.6908155,C-IV,2022,1030,3195,1822,166.0,,,26792,7158,5427,425.0,1533.25
El Dorado,US-06017,-120.4259625,38.78496,C-IV,2022,2714,6371,3628,588.0,,,190012,61377,34916,2279.0,2536.75
Fresno,US-06019,-120.862059,36.74633,CalWIN,2022,26319,94138,103333,49306.0,,,1029118,192987,279187,95429.0,38627.166666666664
Glenn,US-06021,-122.1147288,39.591764,C-IV,2022,654,1761,1578,567.0,,,29212,6829,7227,2129.0,975.4166666666666
Humboldt,US-06023,-123.959972,40.73356,C-IV,2022,4353,14436,7191,763.0,,,134138,36426,27335,2232.0,4598.583333333333
Imperial,US-06025,-115.058652,33.02615,C-IV,2022,8342,19450,17697,24019.0,,,192960,37989,53429,32857.0,9056.166666666666
Inyo,US-06027,-117.7797286,36.626,C-IV,2022,404,1004,796,128.0,,,18142,6619,3661,167.0,338.1666666666667
Kern,US-06029,-118.4426011,35.29441,C-IV,2022,22298,78607,84059,35944.0,,,929851,162416,251882,83768.0,29543.916666666668
Kings,US-06031,-119.6135104,36.138775,C-IV,2022,3194,11837,12367,5657.0,,,156164,24208,47310,14477.0,4293.75
Lake,US-06033,-122.9624445,39.124455,C-IV,2022,3138,7307,4604,823.0,,,64138,20307,13607,1988.0,3218.0833333333335
Lassen,US-06035,-120.2636913,40.446085,C-IV,2022,650,1964,1237,49.0,,,29842,7567,5267,701.0,806.0833333333334
Los Angeles,US-06037,-117.9879672,34.26394,LRS,2022,337862,640596,502151,462467.0,,,10208717,2305236,2148433,1173967.0,332662.1666666667
Madera,US-06039,-119.84174,37.27052,C-IV,2022,3547,12057,15979,9275.0,,,162722,33575,40427,18159.0,3981.4166666666665
Marin,US-06041,-122.870429,38.068145,C-IV,2022,3535,5737,4675,4405.0,,,257795,86054,45611,10628.0,2372.6666666666665
Mariposa,US-06043,-119.6495595,37.543615,C-IV,2022,604,1351,770,49.0,,,17556,7337,2720,396.0,418.25
Mendocino,US-06045,-123.5709822,39.380655,C-IV,2022,2918,7537,5054,1568.0,,,88353,27067,18330,3818.0,2852.4166666666665
Merced,US-06047,-120.1246993,37.18687,C-IV,2022,6900,25434,26418,13362.0,,,288601,49707,79331,35832.0,9724.25
Modoc,US-06049,-120.1993372,41.590546,C-IV,2022,325,855,566,41.0,,,9374,3376,1710,210.0,387.3333333333333
Mono,US-06051,-118.7402371,38.0878955,C-IV,2022,127,321,212,88.0,,,13898,3920,2660,502.0,75.41666666666667
Monterey,US-06053,-120.9044897,36.35433,C-IV,2022,5853,15997,23450,18897.0,,,447300,94505,112007,69012.0,6804.166666666667
Napa,US-06055,-122.5128064,38.509635,C-IV,2022,1836,3301,3054,2488.0,,,139518,39007,26401,9814.0,1774.8333333333333
Nevada,US-06057,-120.3163119,39.266135,C-IV,2022,2037,4852,2595,199.0,,,98157,37713,15086,1155.0,1743.5
Orange,US-06059,-117.8002615,33.66707,CalWIN,2022,70240,111245,93988,102305.0,,,3218111,758232,697266,265062.0,64485.083333333336
Placer,US-06061,-120.7858989,39.013999,CalWIN,2022,4578,9620,6642,2243.0,,,400664,118008,72128,6748.0,5184.25
Plumas,US-06063,-121.1037321,40.0234855,C-IV,2022,477,1221,672,,,,19041,7818,3106,112.0,514.75
Riverside,US-06065,-115.0250859,33.752845,C-IV,2022,46598,128445,118739,49046.0,,,2506351,575503,586874,170207.0,56328.666666666664
Sacramento,US-06067,-121.1505311,38.383079,CalWIN,2022,42103,108069,85400,55535.0,,,1571846,340499,358642,92721.0,55752.166666666664
San Benito,US-06069,-121.2131455,36.5928495,C-IV,2022,821,2620,2591,1522.0,,,62124,13773,13418,5503.0,858.5
San Bernardino,US-06071,-116.6760973,34.840011,C-IV,2022,48670,151428,145719,48885.0,,,2216865,423558,569970,153635.0,61905.75
San Diego,US-06073,-116.693716,33.019645,CalWIN,2022,77627,166605,119697,111490.0,,,3356185,762548,791797,187078.0,68549.75
San Francisco,US-06075,-122.4847727,37.759845,CalWIN,2022,41815,38961,17814,46433.0,,,897416,213284,137000,88324.0,32692.666666666668
San Joaquin,US-06077,-120.9449271,37.889845,C-IV,2022,18280,48928,46252,19250.0,,,783706,157960,197145,67320.0,22948.333333333332
San Luis Obispo,US-06079,-120.1080592,35.34633,CalWIN,2022,4026,10313,6551,2769.0,,,279268,88331,48872,8090.0,3425.8333333333335
San Mateo,US-06081,-122.2406398,37.407705,CalWIN,2022,8982,10578,10530,11708.0,,,777635,202896,155335,46949.0,8380.666666666666
Santa Barbara,US-06083,-120.0351675,34.743715,CalWIN,2022,6948,21860,19949,15201.0,,,455127,102052,101662,42843.0,7237.583333333333
Santa Clara,US-06085,-121.6161794,37.18939,CalWIN,2022,36272,44149,35040,46853.0,,,1987898,452847,420021,157502.0,36834.75
Santa Cruz,US-06087,-122.0401593,37.06834,CalWIN,2022,5086,13256,9660,7818.0,,,276024,72897,57374,16050.0,4190.166666666667
Shasta,US-06089,-122.0883555,40.735175,C-IV,2022,5317,13963,8382,687.0,,,176682,50605,37764,1646.0,7757.166666666667
Sierra,US-06091,-120.0617973,39.58418,C-IV,2022,100,148,76,,,,3077,1382,435,23.0,63.416666666666664
Siskiyou,US-06093,-122.5559892,41.5008525,C-IV,2022,1829,4191,2510,251.0,,,43169,15420,8314,563.0,2161.25
Solano,US-06095,-121.6688337,38.2894915,CalWIN,2022,8367,22801,16701,6668.0,,,448896,112492,98272,20775.0,9644.833333333334
Sonoma,US-06097,-122.7518161,38.481733,CalWIN,2022,7889,15402,12465,7958.0,,,502886,155361,87496,25428.0,6792.0
Stanislaus,US-06099,-120.8981857,37.606095,C-IV,2022,13019,36468,31429,15182.0,,,566365,113658,143405,46571.0,16356.916666666666
Sutter,US-06101,-121.714735,39.02038,C-IV,2022,1903,6111,5502,2222.0,,,99781,21932,23852,8944.0,3301.0833333333335
Tehama,US-06103,-122.6595518,40.125305,C-IV,2022,1928,5296,3948,1082.0,,,64023,17440,14634,2161.0,2609.8333333333335
Trinity,US-06105,-123.5069171,40.672495,C-IV,2022,536,1353,640,49.0,,,13156,5351,2277,436.0,545.0
Tulare,US-06107,-119.0889841,36.266965,CalWIN,2022,13835,50330,56888,35649.0,,,485121,86093,139439,55661.0,16620.25
Tuolumne,US-06109,-120.0954221,38.03354,C-IV,2022,1429,3001,1516,70.0,,,51670,19753,8291,318.0,1401.5
Ventura,US-06111,-119.0838699,34.47326,CalWIN,2022,13128,29364,29115,21116.0,,,851620,212734,183790,70594.0,13435.25
Yolo,US-06113,-121.9008022,38.619495,CalWIN,2022,3642,12936,6510,4479.0,,,228380,43474,51422,12980.0,4311.416666666667
Yuba,US-06115,-121.499162,39.278915,C-IV,2022,2364,8246,6358,1440.0,,,78666,15563,20776,3308.0,3195.25
Statewide,,,,,2023,1139052,2355072,1913371,1430424.0,,,38990487,9248486,8546309,3323670.0,1033893.5833333333
Alameda,US-06001,-121.7871814,37.680185,CalWIN,2023,45192,71549,46775,49909.0,,,1638046,426712,327015,121959.0,40640.583333333336
Alpine,US-06003,-120.0354892,38.6301005,C-IV,2023,29,93,58,0.0,,,1167,453,181,24.0,20.666666666666668
Amador,US-06005,-120.238969,38.46328,C-IV,2023,1034,1983,1325,88.0,,,40088,15893,5539,350.0,584.9166666666666
Butte,US-06007,-121.5660076,39.723785,C-IV,2023,6789,22761,11265,2718.0,,,207615,53155,40024,5306.0,7965.666666666667
Calaveras,US-06009,-120.6039732,38.1711345,C-IV,2023,1386,2995,1770,88.0,,,44744,18568,6966,299.0,880.6666666666666
Colusa,US-06011,-122.4386143,39.169245,C-IV,2023,529,1092,1247,793.0,,,21970,5133,5594,2850.0,475.5833333333333
Contra Costa,US-06013,-121.717604,37.888418,CalWIN,2023,21180,42891,35597,18313.0,,,1144040,304142,230462,67492.0,21096.166666666668
Del Norte,US-06015,-123.719458,41.6908155,C-IV,2023,1197,3307,1930,181.0,,,26136,7463,5230,557.0,1493.0
El Dorado,US-06017,-120.4259625,38.78496,C-IV,2023,3272,7027,4073,786.0,,,188131,65266,32501,2579.0,2499.5
Fresno,US-06019,-120.862059,36.74633,CalWIN,2023,30872,100845,107346,52383.0,,,1015793,192267,273968,92091.0,38245.083333333336
Glenn,US-06021,-122.1147288,39.591764,C-IV,2023,761,1971,1668,750.0,,,28760,7006,6922,1984.0,947.5
Humboldt,US-06023,-123.959972,40.73356,C-IV,2023,5222,16382,7650,852.0,,,134304,36693,25693,2090.0,4502.5
Imperial,US-06025,-115.058652,33.02615,C-IV,2023,9966,20565,18664,26323.0,,,179790,37672,55004,32530.0,9059.333333333334
Inyo,US-06027,-117.7797286,36.626,C-IV,2023,455,959,758,136.0,,,18901,6710,3599,175.0,312.3333333333333
Kern,US-06029,-118.4426011,35.29441,C-IV,2023,27256,86442,90559,42047.0,,,910112,164965,249504,83556.0,29445.5
Kings,US-06031,-119.6135104,36.138775,C-IV,2023,3761,13173,12891,6276.0,,,152340,27950,42567,15108.0,4252.166666666667
Lake,US-06033,-122.9624445,39.124455,C-IV,2023,3670,7930,5104,1169.0,,,67402,22009,13788,1727.0,3144.0833333333335
Lassen,US-06035,-120.2636913,40.446085,C-IV,2023,762,2160,1388,73.0,,,28563,7673,4813,830.0,786.0833333333334
Los Angeles,US-06037,-117.9879672,34.26394,LRS,2023,378869,701388,521571,498842.0,,,9750065,2283181,2071166,1165693.0,326080.3333333333
Madera,US-06039,-119.84174,37.27052,C-IV,2023,4285,13316,17034,10312.0,,,158276,33390,41039,17926.0,3954.5833333333335
Marin,US-06041,-122.870429,38.068145,C-IV,2023,4032,6222,4854,4736.0,,,251808,94304,43465,12274.0,2351.5
Mariposa,US-06043,-119.6495595,37.543615,C-IV,2023,692,1516,878,71.0,,,16988,7300,2721,323.0,416.8333333333333
Mendocino,US-06045,-123.5709822,39.380655,C-IV,2023,3501,8049,5325,1741.0,,,89092,27410,18611,3771.0,2835.5833333333335
Merced,US-06047,-120.1246993,37.18687,C-IV,2023,8125,28136,28394,14970.0,,,289712,49863,78138,36379.0,9541.833333333334
Modoc,US-06049,-120.1993372,41.590546,C-IV,2023,417,918,634,52.0,,,8670,3378,1355,274.0,384.5833333333333
Mono,US-06051,-118.7402371,38.0878955,C-IV,2023,142,342,217,86.0,,,13183,4439,2465,595.0,73.16666666666667
Monterey,US-06053,-120.9044897,36.35433,C-IV,2023,7008,18560,28153,24082.0,,,433139,95116,112349,67376.0,6651.5
Napa,US-06055,-122.5128064,38.509635,C-IV,2023,2144,3744,3503,2938.0,,,134580,41573,24299,9073.0,1723.4166666666667
Nevada,US-06057,-120.3163119,39.266135,C-IV,2023,2526,5786,3092,253.0,,,99796,41103,14861,1078.0,1733.3333333333333
Orange,US-06059,-117.8002615,33.66707,CalWIN,2023,81106,120940,96843,103882.0,,,3140475,782316,652400,265229.0,64287.833333333336
Placer,US-06061,-120.7858989,39.013999,CalWIN,2023,5444,10899,7616,2962.0,,,413044,115429,78429,7653.0,5241.5
Plumas,US-06063,-121.1037321,40.0234855,C-IV,2023,549,1144,651,38.0,,,18909,8676,2663,69.0,484.75
Riverside,US-06065,-115.0250859,33.752845,C-IV,2023,57541,145058,129815,57051.0,,,2447642,526130,560846,171723.0,56397.25
Sacramento,US-06067,-121.1505311,38.383079,CalWIN,2023,47846,115785,88801,65040.0,,,1567562,347681,354420,97154.0,55011.916666666664
San Benito,US-06069,-121.2131455,36.5928495,C-IV,2023,1044,2890,2897,1894.0,,,66451,14374,14827,5597.0,866.0833333333334
San Bernardino,US-06071,-116.6760973,34.840011,C-IV,2023,58434,166154,154903,56048.0,,,2189276,422089,543884,154491.0,61245.5
San Diego,US-06073,-116.693716,33.019645,CalWIN,2023,87441,169569,119827,116034.0,,,3293163,760002,738495,185957.0,67539.33333333333
San Francisco,US-06075,-122.4847727,37.759845,CalWIN,2023,44979,42198,17956,48322.0,,,830272,231201,132964,87380.0,32316.583333333332
San Joaquin,US-06077,-120.9449271,37.889845,C-IV,2023,21193,52636,48771,21906.0,,,788279,157943,192291,67712.0,22521.5
San Luis Obispo,US-06079,-120.1080592,35.34633,CalWIN,2023,4730,12302,7098,3233.0,,,280972,83169,46699,8158.0,3288.5833333333335
San Mateo,US-06081,-122.2406398,37.407705,CalWIN,2023,10388,11098,10509,12007.0,,,733081,213482,149961,50289.0,8248.916666666666
Santa Barbara,US-06083,-120.0351675,34.743715,CalWIN,2023,8158,22953,22926,18405.0,,,446369,103937,98792,42441.0,7002.166666666667
Santa Clara,US-06085,-121.6161794,37.18939,CalWIN,2023,40765,48719,36957,47291.0,,,1877528,459509,392706,162053.0,36232.916666666664
Santa Cruz,US-06087,-122.0401593,37.06834,CalWIN,2023,5749,13827,10197,8789.0,,,266183,74803,48689,16313.0,4103.666666666667
Shasta,US-06089,-122.0883555,40.735175,C-IV,2023,6181,15303,8939,813.0,,,179455,52334,36909,1988.0,7601.0
Sierra,US-06091,-120.0617973,39.58418,C-IV,2023,110,166,64,5.0,,,3192,1530,433,33.0,62.166666666666664
Siskiyou,US-06093,-122.5559892,41.5008525,C-IV,2023,2167,4465,2658,316.0,,,43529,15856,7786,544.0,2109.8333333333335
Solano,US-06095,-121.6688337,38.2894915,CalWIN,2023,9743,23839,17507,7430.0,,,443548,113472,94095,22089.0,9554.583333333334
Sonoma,US-06097,-122.7518161,38.481733,CalWIN,2023,9108,15607,13197,9042.0,,,479217,146158,88499,26942.0,6644.583333333333
Stanislaus,US-06099,-120.8981857,37.606095,C-IV,2023,15368,41431,35097,18198.0,,,548701,111598,139804,47847.0,15934.333333333334
Sutter,US-06101,-121.714735,39.02038,C-IV,2023,2243,6309,5857,2754.0,,,99514,23028,23841,9206.0,3267.75
Tehama,US-06103,-122.6595518,40.125305,C-IV,2023,2312,5630,4339,1200.0,,,64671,17977,14682,2782.0,2541.6666666666665
Trinity,US-06105,-123.5069171,40.672495,C-IV,2023,695,1550,766,59.0,,,15965,6200,2347,176.0,534.5
Tulare,US-06107,-119.0889841,36.266965,CalWIN,2023,16490,54699,59339,37637.0,,,476480,85804,136940,56549.0,16486.416666666668
Tuolumne,US-06109,-120.0954221,38.03354,C-IV,2023,1678,3285,1630,79.0,,,52932,20538,8407,238.0,1375.0
Ventura,US-06111,-119.0838699,34.47326,CalWIN,2023,15492,31508,30756,22331.0,,,824426,211793,179121,70572.0,13376.75
Yolo,US-06113,-121.9008022,38.619495,CalWIN,2023,4175,13975,6844,4941.0,,,223467,44796,43169,13298.0,4277.0
Yuba,US-06115,-121.499162,39.278915,C-IV,2023,2849,9031,6888,1749.0,,,82973,15874,22371,2918.0,3137.75
Statewide,,,,,2024,1139052,2355072,1913371,1430424.0,,,39119734,8738360,8544834,,1024354.5000000002
Alameda,US-06001,-121.7871814,37.680185,CalWIN,2024,45192,71549,46775,49909.0,,,1654334,367422,329248,,40132.583333333336
Alpine,US-06003,-120.0354892,38.6301005,C-IV,2024,29,93,58,0.0,,,1163,459,174,,18.583333333333332
Amador,US-06005,-120.238969,38.46328,C-IV,2024,1034,1983,1325,88.0,,,40198,14847,6496,,586.5
Butte,US-06007,-121.5660076,39.723785,C-IV,2024,6789,22761,11265,2718.0,,,205517,43316,40583,,7857.25
Calaveras,US-06009,-120.6039732,38.1711345,C-IV,2024,1386,2995,1770,88.0,,,44483,17493,7762,,853.5
Colusa,US-06011,-122.4386143,39.169245,C-IV,2024,529,1092,1247,793.0,,,21939,4650,5692,,466.0833333333333
Contra Costa,US-06013,-121.717604,37.888418,CalWIN,2024,21180,42891,35597,18313.0,,,1143037,289750,248413,,21036.916666666668
Del Norte,US-06015,-123.719458,41.6908155,C-IV,2024,1197,3307,1930,181.0,,,26021,7071,5694,,1442.4166666666667
El Dorado,US-06017,-120.4259625,38.78496,C-IV,2024,3272,7027,4073,786.0,,,186622,63235,36597,,2465.25
Fresno,US-06019,-120.862059,36.74633,CalWIN,2024,30872,100845,107346,52383.0,,,1014946,177639,284234,,38114.916666666664
Glenn,US-06021,-122.1147288,39.591764,C-IV,2024,761,1971,1668,750.0,,,27739,6535,7247,,918.6666666666666
Humboldt,US-06023,-123.959972,40.73356,C-IV,2024,5222,16382,7650,852.0,,,134408,33071,26897,,4362.5
Imperial,US-06025,-115.058652,33.02615,C-IV,2024,9966,20565,18664,26323.0,,,181060,36477,50154,,9073.416666666666
Inyo,US-06027,-117.7797286,36.626,C-IV,2024,455,959,758,136.0,,,18656,6401,3709,,283.3333333333333
Kern,US-06029,-118.4426011,35.29441,C-IV,2024,27256,86442,90559,42047.0,,,904430,148525,260032,,29498.833333333332
Kings,US-06031,-119.6135104,36.138775,C-IV,2024,3761,13173,12891,6276.0,,,153709,21919,43005,,4234.25
Lake,US-06033,-122.9624445,39.124455,C-IV,2024,3670,7930,5104,1169.0,,,65908,20665,15143,,3107.75
Lassen,US-06035,-120.2636913,40.446085,C-IV,2024,762,2160,1388,73.0,,,27483,5855,4673,,763.5833333333334
Los Angeles,US-06037,-117.9879672,34.26394,LRS,2024,378869,701388,521571,498842.0,,,9784023,2206717,1934637,,320715.0833333333
Madera,US-06039,-119.84174,37.27052,C-IV,2024,4285,13316,17034,10312.0,,,159786,31672,43189,,3952.9166666666665
Marin,US-06041,-122.870429,38.068145,C-IV,2024,4032,6222,4854,4736.0,,,254283,84805,47268,,2299.0
Mariposa,US-06043,-119.6495595,37.543615,C-IV,2024,692,1516,878,71.0,,,16780,6768,3002,,412.0
Mendocino,US-06045,-123.5709822,39.380655,C-IV,2024,3501,8049,5325,1741.0,,,88991,27664,19227,,2766.6666666666665
Merced,US-06047,-120.1246993,37.18687,C-IV,2024,8125,28136,28394,14970.0,,,286149,46968,81139,,9575.166666666666
Modoc,US-06049,-120.1993372,41.590546,C-IV,2024,417,918,634,52.0,,,8412,2794,1816,,364.5833333333333
Mono,US-06051,-118.7402371,38.0878955,C-IV,2024,142,342,217,86.0,,,13215,3729,2511,,70.66666666666667
Monterey,US-06053,-120.9044897,36.35433,C-IV,2024,7008,18560,28153,24082.0,,,438851,90368,112567,,6515.0
Napa,US-06055,-122.5128064,38.509635,C-IV,2024,2144,3744,3503,2938.0,,,133989,40183,24775,,1688.1666666666667
Nevada,US-06057,-120.3163119,39.266135,C-IV,2024,2526,5786,3092,253.0,,,99875,38623,17166,,1753.8333333333333
Orange,US-06059,-117.8002615,33.66707,CalWIN,2024,81106,120940,96843,103882.0,,,3142387,746478,650450,,64555.583333333336
Placer,US-06061,-120.7858989,39.013999,CalWIN,2024,5444,10899,7616,2962.0,,,412892,114012,89194,,5299.583333333333
Plumas,US-06063,-121.1037321,40.0234855,C-IV,2024,549,1144,651,38.0,,,18709,7858,3334,,469.3333333333333
Riverside,US-06065,-115.0250859,33.752845,C-IV,2024,57541,145058,129815,57051.0,,,2441474,533198,584333,,56593.333333333336
Sacramento,US-06067,-121.1505311,38.383079,CalWIN,2024,47846,115785,88801,65040.0,,,1588656,338395,370394,,54862.5
San Benito,US-06069,-121.2131455,36.5928495,C-IV,2024,1044,2890,2897,1894.0,,,65022,13150,16272,,875.25
San Bernardino,US-06071,-116.6760973,34.840011,C-IV,2024,58434,166154,154903,56048.0,,,2180503,404539,553685,,61178.916666666664
San Diego,US-06073,-116.693716,33.019645,CalWIN,2024,87441,169569,119827,116034.0,,,3310718,707574,726918,,66802.0
San Francisco,US-06075,-122.4847727,37.759845,CalWIN,2024,44979,42198,17956,48322.0,,,850147,199919,121651,,31920.083333333332
San Joaquin,US-06077,-120.9449271,37.889845,C-IV,2024,21193,52636,48771,21906.0,,,787365,150363,206188,,22220.666666666668
San Luis Obispo,US-06079,-120.1080592,35.34633,CalWIN,2024,4730,12302,7098,3233.0,,,280437,78971,50082,,3202.3333333333335
San Mateo,US-06081,-122.2406398,37.407705,CalWIN,2024,10388,11098,10509,12007.0,,,747719,194302,146212,,8180.75
Santa Barbara,US-06083,-120.0351675,34.743715,CalWIN,2024,8158,22953,22926,18405.0,,,446729,97189,103498,,6799.333333333333
Santa Clara,US-06085,-121.6161794,37.18939,CalWIN,2024,40765,48719,36957,47291.0,,,1917472,420967,386043,,35775.75
Santa Cruz,US-06087,-122.0401593,37.06834,CalWIN,2024,5749,13827,10197,8789.0,,,261708,65712,48097,,4008.9166666666665
Shasta,US-06089,-122.0883555,40.735175,C-IV,2024,6181,15303,8939,813.0,,,178300,49897,40158,,7427.666666666667
Sierra,US-06091,-120.0617973,39.58418,C-IV,2024,110,166,64,5.0,,,3133,1348,508,,61.083333333333336
Siskiyou,US-06093,-122.5559892,41.5008525,C-IV,2024,2167,4465,2658,316.0,,,42665,15148,8498,,2045.25
Solano,US-06095,-121.6688337,38.2894915,CalWIN,2024,9743,23839,17507,7430.0,,,446932,110102,99186,,9503.083333333334
Sonoma,US-06097,-122.7518161,38.481733,CalWIN,2024,9108,15607,13197,9042.0,,,478459,138293,90780,,6542.583333333333
Stanislaus,US-06099,-120.8981857,37.606095,C-IV,2024,15368,41431,35097,18198.0,,,544160,104672,145420,,15880.5
Sutter,US-06101,-121.714735,39.02038,C-IV,2024,2243,6309,5857,2754.0,,,98330,21308,24476,,3164.75
Tehama,US-06103,-122.6595518,40.125305,C-IV,2024,2312,5630,4339,1200.0,,,64440,17581,15964,,2467.5833333333335
Trinity,US-06105,-123.5069171,40.672495,C-IV,2024,695,1550,766,59.0,,,15823,5665,2546,,529.6666666666666
Tulare,US-06107,-119.0889841,36.266965,CalWIN,2024,16490,54699,59339,37637.0,,,476356,78448,141054,,16420.083333333332
Tuolumne,US-06109,-120.0954221,38.03354,C-IV,2024,1678,3285,1630,79.0,,,53458,19334,9497,,1356.4166666666667
Ventura,US-06111,-119.0838699,34.47326,CalWIN,2024,15492,31508,30756,22331.0,,,825322,202422,179611,,13448.833333333334
Yolo,US-06113,-121.9008022,38.619495,CalWIN,2024,4175,13975,6844,4941.0,,,220325,40725,43819,,4247.333333333333
Yuba,US-06115,-121.499162,39.278915,C-IV,2024,2849,9031,6888,1749.0,,,84086,15169,23916,,3079.1666666666665
